"filename", "language", "YAML", "JSON with Comments", "JavaScript", "Vue", "SCSS", "TypeScript", "Markdown", "SVG", "JSON", "XML", "Handlebars", "comment", "blank", "total"
"e:\VSCODE\WORK\bitcoinetf.org\.eslintrc.js", "JavaScript", 0, 0, 37, 0, 0, 0, 0, 0, 0, 0, 0, 0, 1, 38
"e:\VSCODE\WORK\bitcoinetf.org\.gitlab-ci.yml", "YAML", 193, 0, 0, 0, 0, 0, 0, 0, 0, 0, 0, 1, 29, 223
"e:\VSCODE\WORK\bitcoinetf.org\.helm\templates\1-secret.yaml", "YAML", 9, 0, 0, 0, 0, 0, 0, 0, 0, 0, 0, 0, 0, 9
"e:\VSCODE\WORK\bitcoinetf.org\.helm\templates\38-app.yaml", "YAML", 64, 0, 0, 0, 0, 0, 0, 0, 0, 0, 0, 0, 1, 65
"e:\VSCODE\WORK\bitcoinetf.org\.helm\templates\40-hpa.yaml", "YAML", 24, 0, 0, 0, 0, 0, 0, 0, 0, 0, 0, 0, 0, 24
"e:\VSCODE\WORK\bitcoinetf.org\.helm\templates\80-ingress.yaml", "YAML", 35, 0, 0, 0, 0, 0, 0, 0, 0, 0, 0, 0, 0, 35
"e:\VSCODE\WORK\bitcoinetf.org\.helm\values.yaml", "YAML", 18, 0, 0, 0, 0, 0, 0, 0, 0, 0, 0, 0, 1, 19
"e:\VSCODE\WORK\bitcoinetf.org\.prettierrc", "JSON", 0, 0, 0, 0, 0, 0, 0, 0, 12, 0, 0, 0, 1, 13
"e:\VSCODE\WORK\bitcoinetf.org\.stylelintrc.js", "JavaScript", 0, 0, 657, 0, 0, 0, 0, 0, 0, 0, 0, 0, 1, 658
"e:\VSCODE\WORK\bitcoinetf.org\FUND.md", "Markdown", 0, 0, 0, 0, 0, 0, 0, 0, 0, 0, 0, 0, 1, 1
"e:\VSCODE\WORK\bitcoinetf.org\README.md", "Markdown", 0, 0, 0, 0, 0, 0, 116, 0, 0, 0, 0, 0, 58, 174
"e:\VSCODE\WORK\bitcoinetf.org\app.vue", "Vue", 0, 0, 0, 155, 0, 0, 0, 0, 0, 0, 0, 0, 33, 188
"e:\VSCODE\WORK\bitcoinetf.org\assets\countrylist.json", "JSON", 0, 0, 0, 0, 0, 0, 0, 0, 137, 0, 0, 0, 1, 138
"e:\VSCODE\WORK\bitcoinetf.org\assets\fonts\icons\dist\icons.scss", "SCSS", 0, 0, 0, 0, 2830, 0, 0, 0, 0, 0, 0, 4, 302, 3136
"e:\VSCODE\WORK\bitcoinetf.org\assets\fonts\icons\dist\icons.svg", "SVG", 0, 0, 0, 0, 0, 0, 0, 453, 0, 0, 0, 0, 1, 454
"e:\VSCODE\WORK\bitcoinetf.org\assets\fonts\icons\sass-template.hbs", "Handlebars", 0, 0, 0, 0, 0, 0, 0, 0, 0, 0, 62, 0, 10, 72
"e:\VSCODE\WORK\bitcoinetf.org\composables\useMediaDevice.ts", "TypeScript", 0, 0, 0, 0, 0, 24, 0, 0, 0, 0, 0, 0, 8, 32
"e:\VSCODE\WORK\bitcoinetf.org\composables\useNotification.ts", "TypeScript", 0, 0, 0, 0, 0, 41, 0, 0, 0, 0, 0, 0, 8, 49
"e:\VSCODE\WORK\bitcoinetf.org\error.vue", "Vue", 0, 0, 0, 160, 0, 0, 0, 0, 0, 0, 0, 0, 38, 198
"e:\VSCODE\WORK\bitcoinetf.org\modules\fontagon.mjs", "JavaScript", 0, 0, 74, 0, 0, 0, 0, 0, 0, 0, 0, 0, 15, 89
"e:\VSCODE\WORK\bitcoinetf.org\modules\iconica.mjs", "JavaScript", 0, 0, 47, 0, 0, 0, 0, 0, 0, 0, 0, 0, 17, 64
"e:\VSCODE\WORK\bitcoinetf.org\nuxt.config.ts", "TypeScript", 0, 0, 0, 0, 0, 239, 0, 0, 0, 0, 0, 24, 7, 270
"e:\VSCODE\WORK\bitcoinetf.org\package.json", "JSON", 0, 0, 0, 0, 0, 0, 0, 0, 84, 0, 0, 0, 1, 85
"e:\VSCODE\WORK\bitcoinetf.org\pnpm-lock.yaml", "YAML", 11788, 0, 0, 0, 0, 0, 0, 0, 0, 0, 0, 0, 1699, 13487
"e:\VSCODE\WORK\bitcoinetf.org\postcss.config.js", "JavaScript", 0, 0, 6, 0, 0, 0, 0, 0, 0, 0, 0, 1, 1, 8
"e:\VSCODE\WORK\bitcoinetf.org\public\.well-known\nostr.json", "JSON", 0, 0, 0, 0, 0, 0, 0, 0, 6, 0, 0, 0, 0, 6
"e:\VSCODE\WORK\bitcoinetf.org\public\img\chart\baa.svg", "SVG", 0, 0, 0, 0, 0, 0, 0, 10, 0, 0, 0, 0, 1, 11
"e:\VSCODE\WORK\bitcoinetf.org\public\img\chart\bft.svg", "SVG", 0, 0, 0, 0, 0, 0, 0, 10, 0, 0, 0, 0, 1, 11
"e:\VSCODE\WORK\bitcoinetf.org\public\img\chart\boa.svg", "SVG", 0, 0, 0, 0, 0, 0, 0, 18, 0, 0, 0, 0, 1, 19
"e:\VSCODE\WORK\bitcoinetf.org\public\img\chart\bot.svg", "SVG", 0, 0, 0, 0, 0, 0, 0, 18, 0, 0, 0, 0, 1, 19
"e:\VSCODE\WORK\bitcoinetf.org\public\img\chart\brf.svg", "SVG", 0, 0, 0, 0, 0, 0, 0, 10, 0, 0, 0, 0, 1, 11
"e:\VSCODE\WORK\bitcoinetf.org\public\img\chart\bst.svg", "SVG", 0, 0, 0, 0, 0, 0, 0, 10, 0, 0, 0, 0, 1, 11
"e:\VSCODE\WORK\bitcoinetf.org\public\img\chart\fba.svg", "SVG", 0, 0, 0, 0, 0, 0, 0, 10, 0, 0, 0, 0, 1, 11
"e:\VSCODE\WORK\bitcoinetf.org\public\img\chart\sba.svg", "SVG", 0, 0, 0, 0, 0, 0, 0, 10, 0, 0, 0, 0, 1, 11
"e:\VSCODE\WORK\bitcoinetf.org\public\img\chart\usdt.svg", "SVG", 0, 0, 0, 0, 0, 0, 0, 11, 0, 0, 0, 0, 1, 12
"e:\VSCODE\WORK\bitcoinetf.org\public\img\chart\vault.svg", "SVG", 0, 0, 0, 0, 0, 0, 0, 10, 0, 0, 0, 0, 1, 11
"e:\VSCODE\WORK\bitcoinetf.org\public\img\dealtype\1.svg", "SVG", 0, 0, 0, 0, 0, 0, 0, 15, 0, 0, 0, 0, 1, 16
"e:\VSCODE\WORK\bitcoinetf.org\public\img\dealtype\2.svg", "SVG", 0, 0, 0, 0, 0, 0, 0, 4, 0, 0, 0, 0, 1, 5
"e:\VSCODE\WORK\bitcoinetf.org\public\img\dealtype\3.svg", "SVG", 0, 0, 0, 0, 0, 0, 0, 12, 0, 0, 0, 0, 1, 13
"e:\VSCODE\WORK\bitcoinetf.org\public\img\dealtype\4.svg", "SVG", 0, 0, 0, 0, 0, 0, 0, 4, 0, 0, 0, 0, 1, 5
"e:\VSCODE\WORK\bitcoinetf.org\public\img\dealtype\5.svg", "SVG", 0, 0, 0, 0, 0, 0, 0, 8, 0, 0, 0, 0, 1, 9
"e:\VSCODE\WORK\bitcoinetf.org\public\img\dealtype\6.svg", "SVG", 0, 0, 0, 0, 0, 0, 0, 11, 0, 0, 0, 0, 1, 12
"e:\VSCODE\WORK\bitcoinetf.org\public\img\description\business-insider.svg", "SVG", 0, 0, 0, 0, 0, 0, 0, 10, 0, 0, 0, 0, 1, 11
"e:\VSCODE\WORK\bitcoinetf.org\public\img\description\coindesk.svg", "SVG", 0, 0, 0, 0, 0, 0, 0, 22, 0, 0, 0, 0, 1, 23
"e:\VSCODE\WORK\bitcoinetf.org\public\img\description\forbes.svg", "SVG", 0, 0, 0, 0, 0, 0, 0, 10, 0, 0, 0, 0, 1, 11
"e:\VSCODE\WORK\bitcoinetf.org\public\img\description\techcrunch.svg", "SVG", 0, 0, 0, 0, 0, 0, 0, 12, 0, 0, 0, 0, 1, 13
"e:\VSCODE\WORK\bitcoinetf.org\public\img\emails\chevron-right.svg", "SVG", 0, 0, 0, 0, 0, 0, 0, 3, 0, 0, 0, 0, 1, 4
"e:\VSCODE\WORK\bitcoinetf.org\public\img\favicons\browserconfig.xml", "XML", 0, 0, 0, 0, 0, 0, 0, 0, 0, 9, 0, 0, 1, 10
"e:\VSCODE\WORK\bitcoinetf.org\public\img\favicons\safari-pinned-tab.svg", "SVG", 0, 0, 0, 0, 0, 0, 0, 39, 0, 0, 0, 0, 1, 40
"e:\VSCODE\WORK\bitcoinetf.org\public\img\favicons\site.webmanifest", "JSON", 0, 0, 0, 0, 0, 0, 0, 0, 19, 0, 0, 0, 1, 20
"e:\VSCODE\WORK\bitcoinetf.org\public\img\icons\colorful\alpha.svg", "SVG", 0, 0, 0, 0, 0, 0, 0, 3, 0, 0, 0, 0, 1, 4
"e:\VSCODE\WORK\bitcoinetf.org\public\img\icons\colorful\asset-baa.svg", "SVG", 0, 0, 0, 0, 0, 0, 0, 10, 0, 0, 0, 0, 1, 11
"e:\VSCODE\WORK\bitcoinetf.org\public\img\icons\colorful\asset-boa.svg", "SVG", 0, 0, 0, 0, 0, 0, 0, 18, 0, 0, 0, 0, 1, 19
"e:\VSCODE\WORK\bitcoinetf.org\public\img\icons\colorful\asset-brf.svg", "SVG", 0, 0, 0, 0, 0, 0, 0, 10, 0, 0, 0, 0, 1, 11
"e:\VSCODE\WORK\bitcoinetf.org\public\img\icons\colorful\asset-fba.svg", "SVG", 0, 0, 0, 0, 0, 0, 0, 10, 0, 0, 0, 0, 1, 11
"e:\VSCODE\WORK\bitcoinetf.org\public\img\icons\colorful\asset-sba.svg", "SVG", 0, 0, 0, 0, 0, 0, 0, 10, 0, 0, 0, 0, 1, 11
"e:\VSCODE\WORK\bitcoinetf.org\public\img\icons\colorful\asset-usd.svg", "SVG", 0, 0, 0, 0, 0, 0, 0, 11, 0, 0, 0, 0, 1, 12
"e:\VSCODE\WORK\bitcoinetf.org\public\img\icons\colorful\asset-vault.svg", "SVG", 0, 0, 0, 0, 0, 0, 0, 10, 0, 0, 0, 0, 1, 11
"e:\VSCODE\WORK\bitcoinetf.org\public\img\icons\colorful\bitcoin-font.svg", "SVG", 0, 0, 0, 0, 0, 0, 0, 3, 0, 0, 0, 0, 1, 4
"e:\VSCODE\WORK\bitcoinetf.org\public\img\icons\colorful\bitcoin-full.svg", "SVG", 0, 0, 0, 0, 0, 0, 0, 25, 0, 0, 0, 0, 1, 26
"e:\VSCODE\WORK\bitcoinetf.org\public\img\icons\colorful\bitcoin.svg", "SVG", 0, 0, 0, 0, 0, 0, 0, 11, 0, 0, 0, 0, 1, 12
"e:\VSCODE\WORK\bitcoinetf.org\public\img\icons\colorful\btc-dark-logo.svg", "SVG", 0, 0, 0, 0, 0, 0, 0, 25, 0, 0, 0, 0, 1, 26
"e:\VSCODE\WORK\bitcoinetf.org\public\img\icons\colorful\btc-lightning.svg", "SVG", 0, 0, 0, 0, 0, 0, 0, 4, 0, 0, 0, 0, 1, 5
"e:\VSCODE\WORK\bitcoinetf.org\public\img\icons\colorful\camera.svg", "SVG", 0, 0, 0, 0, 0, 0, 0, 3, 0, 0, 0, 0, 1, 4
"e:\VSCODE\WORK\bitcoinetf.org\public\img\icons\colorful\comment.svg", "SVG", 0, 0, 0, 0, 0, 0, 0, 3, 0, 0, 0, 0, 1, 4
"e:\VSCODE\WORK\bitcoinetf.org\public\img\icons\colorful\copy.svg", "SVG", 0, 0, 0, 0, 0, 0, 0, 3, 0, 0, 0, 0, 1, 4
"e:\VSCODE\WORK\bitcoinetf.org\public\img\icons\colorful\facebook-circle.svg", "SVG", 0, 0, 0, 0, 0, 0, 0, 4, 0, 0, 0, 0, 1, 5
"e:\VSCODE\WORK\bitcoinetf.org\public\img\icons\colorful\facebook.svg", "SVG", 0, 0, 0, 0, 0, 0, 0, 3, 0, 0, 0, 0, 1, 4
"e:\VSCODE\WORK\bitcoinetf.org\public\img\icons\colorful\fk.svg", "SVG", 0, 0, 0, 0, 0, 0, 0, 9, 0, 0, 0, 0, 1, 10
"e:\VSCODE\WORK\bitcoinetf.org\public\img\icons\colorful\flags\au.svg", "SVG", 0, 0, 0, 0, 0, 0, 0, 14, 0, 0, 0, 0, 1, 15
"e:\VSCODE\WORK\bitcoinetf.org\public\img\icons\colorful\flags\ru.svg", "SVG", 0, 0, 0, 0, 0, 0, 0, 14, 0, 0, 0, 0, 1, 15
"e:\VSCODE\WORK\bitcoinetf.org\public\img\icons\colorful\folder.svg", "SVG", 0, 0, 0, 0, 0, 0, 0, 4, 0, 0, 0, 0, 1, 5
"e:\VSCODE\WORK\bitcoinetf.org\public\img\icons\colorful\google-pay.svg", "SVG", 0, 0, 0, 0, 0, 0, 0, 9, 0, 0, 0, 0, 1, 10
"e:\VSCODE\WORK\bitcoinetf.org\public\img\icons\colorful\google.svg", "SVG", 0, 0, 0, 0, 0, 0, 0, 6, 0, 0, 0, 0, 1, 7
"e:\VSCODE\WORK\bitcoinetf.org\public\img\icons\colorful\landingshield.svg", "SVG", 0, 0, 0, 0, 0, 0, 0, 12, 0, 0, 0, 0, 1, 13
"e:\VSCODE\WORK\bitcoinetf.org\public\img\icons\colorful\landingtimer.svg", "SVG", 0, 0, 0, 0, 0, 0, 0, 12, 0, 0, 0, 0, 1, 13
"e:\VSCODE\WORK\bitcoinetf.org\public\img\icons\colorful\langindrocket.svg", "SVG", 0, 0, 0, 0, 0, 0, 0, 12, 0, 0, 0, 0, 1, 13
"e:\VSCODE\WORK\bitcoinetf.org\public\img\icons\colorful\logo-white.svg", "SVG", 0, 0, 0, 0, 0, 0, 0, 25, 0, 0, 0, 0, 1, 26
"e:\VSCODE\WORK\bitcoinetf.org\public\img\icons\colorful\mail-shiny.svg", "SVG", 0, 0, 0, 0, 0, 0, 0, 12, 0, 0, 0, 0, 1, 13
"e:\VSCODE\WORK\bitcoinetf.org\public\img\icons\colorful\mail.svg", "SVG", 0, 0, 0, 0, 0, 0, 0, 4, 0, 0, 0, 0, 1, 5
"e:\VSCODE\WORK\bitcoinetf.org\public\img\icons\colorful\mastercard.svg", "SVG", 0, 0, 0, 0, 0, 0, 0, 6, 0, 0, 0, 0, 1, 7
"e:\VSCODE\WORK\bitcoinetf.org\public\img\icons\colorful\metamask.svg", "SVG", 0, 0, 0, 0, 0, 0, 0, 14, 0, 0, 0, 0, 1, 15
"e:\VSCODE\WORK\bitcoinetf.org\public\img\icons\colorful\mir.svg", "SVG", 0, 0, 0, 0, 0, 0, 0, 10, 0, 0, 0, 0, 1, 11
"e:\VSCODE\WORK\bitcoinetf.org\public\img\icons\colorful\piastrix.svg", "SVG", 0, 0, 0, 0, 0, 0, 0, 39, 0, 0, 0, 0, 1, 40
"e:\VSCODE\WORK\bitcoinetf.org\public\img\icons\colorful\raiffeisen.svg", "SVG", 0, 0, 0, 0, 0, 0, 0, 5, 0, 0, 0, 0, 1, 6
"e:\VSCODE\WORK\bitcoinetf.org\public\img\icons\colorful\sber.svg", "SVG", 0, 0, 0, 0, 0, 0, 0, 3, 0, 0, 0, 0, 1, 4
"e:\VSCODE\WORK\bitcoinetf.org\public\img\icons\colorful\sbp.svg", "SVG", 0, 0, 0, 0, 0, 0, 0, 10, 0, 0, 0, 0, 1, 11
"e:\VSCODE\WORK\bitcoinetf.org\public\img\icons\colorful\star-half.svg", "SVG", 0, 0, 0, 0, 0, 0, 0, 23, 0, 0, 0, 0, 1, 24
"e:\VSCODE\WORK\bitcoinetf.org\public\img\icons\colorful\star.svg", "SVG", 0, 0, 0, 0, 0, 0, 0, 17, 0, 0, 0, 0, 1, 18
"e:\VSCODE\WORK\bitcoinetf.org\public\img\icons\colorful\telegram.svg", "SVG", 0, 0, 0, 0, 0, 0, 0, 3, 0, 0, 0, 0, 1, 4
"e:\VSCODE\WORK\bitcoinetf.org\public\img\icons\colorful\telegram2.svg", "SVG", 0, 0, 0, 0, 0, 0, 0, 13, 0, 0, 0, 0, 1, 14
"e:\VSCODE\WORK\bitcoinetf.org\public\img\icons\colorful\tinkoff.svg", "SVG", 0, 0, 0, 0, 0, 0, 0, 5, 0, 0, 0, 0, 1, 6
"e:\VSCODE\WORK\bitcoinetf.org\public\img\icons\colorful\tron.svg", "SVG", 0, 0, 0, 0, 0, 0, 0, 19, 0, 0, 0, 0, 1, 20
"e:\VSCODE\WORK\bitcoinetf.org\public\img\icons\colorful\twitter.svg", "SVG", 0, 0, 0, 0, 0, 0, 0, 3, 0, 0, 0, 0, 1, 4
"e:\VSCODE\WORK\bitcoinetf.org\public\img\icons\colorful\usdant.svg", "SVG", 0, 0, 0, 0, 0, 0, 0, 10, 0, 0, 0, 0, 1, 11
"e:\VSCODE\WORK\bitcoinetf.org\public\img\icons\colorful\usdt-trc20.svg", "SVG", 0, 0, 0, 0, 0, 0, 0, 19, 0, 0, 0, 0, 1, 20
"e:\VSCODE\WORK\bitcoinetf.org\public\img\icons\colorful\usdt.svg", "SVG", 0, 0, 0, 0, 0, 0, 0, 12, 0, 0, 0, 0, 1, 13
"e:\VSCODE\WORK\bitcoinetf.org\public\img\icons\colorful\usdttron.svg", "SVG", 0, 0, 0, 0, 0, 0, 0, 12, 0, 0, 0, 0, 1, 13
"e:\VSCODE\WORK\bitcoinetf.org\public\img\icons\colorful\visa.svg", "SVG", 0, 0, 0, 0, 0, 0, 0, 10, 0, 0, 0, 0, 1, 11
"e:\VSCODE\WORK\bitcoinetf.org\public\img\icons\colorful\visawhite.svg", "SVG", 0, 0, 0, 0, 0, 0, 0, 10, 0, 0, 0, 0, 1, 11
"e:\VSCODE\WORK\bitcoinetf.org\public\img\icons\colorful\vk.svg", "SVG", 0, 0, 0, 0, 0, 0, 0, 3, 0, 0, 0, 0, 1, 4
"e:\VSCODE\WORK\bitcoinetf.org\public\img\icons\colorful\vtb.svg", "SVG", 0, 0, 0, 0, 0, 0, 0, 3, 0, 0, 0, 0, 1, 4
"e:\VSCODE\WORK\bitcoinetf.org\public\img\icons\colorful\walletConnect.svg", "SVG", 0, 0, 0, 0, 0, 0, 0, 4, 0, 0, 0, 0, 1, 5
"e:\VSCODE\WORK\bitcoinetf.org\public\img\icons\colorful\whatsApp.svg", "SVG", 0, 0, 0, 0, 0, 0, 0, 24, 0, 0, 0, 0, 1, 25
"e:\VSCODE\WORK\bitcoinetf.org\public\img\icons\colorful\yoomoney.svg", "SVG", 0, 0, 0, 0, 0, 0, 0, 3, 0, 0, 0, 0, 1, 4
"e:\VSCODE\WORK\bitcoinetf.org\public\img\icons\mono\action\check-mark.svg", "SVG", 0, 0, 0, 0, 0, 0, 0, 3, 0, 0, 0, 0, 1, 4
"e:\VSCODE\WORK\bitcoinetf.org\public\img\icons\mono\action\close.svg", "SVG", 0, 0, 0, 0, 0, 0, 0, 3, 0, 0, 0, 0, 1, 4
"e:\VSCODE\WORK\bitcoinetf.org\public\img\icons\mono\action\cross.svg", "SVG", 0, 0, 0, 0, 0, 0, 0, 3, 0, 0, 0, 0, 1, 4
"e:\VSCODE\WORK\bitcoinetf.org\public\img\icons\mono\action\edit.svg", "SVG", 0, 0, 0, 0, 0, 0, 0, 3, 0, 0, 0, 0, 1, 4
"e:\VSCODE\WORK\bitcoinetf.org\public\img\icons\mono\action\favorite-filled.svg", "SVG", 0, 0, 0, 0, 0, 0, 0, 4, 0, 0, 0, 0, 1, 5
"e:\VSCODE\WORK\bitcoinetf.org\public\img\icons\mono\action\favorite.svg", "SVG", 0, 0, 0, 0, 0, 0, 0, 3, 0, 0, 0, 0, 1, 4
"e:\VSCODE\WORK\bitcoinetf.org\public\img\icons\mono\action\filter.svg", "SVG", 0, 0, 0, 0, 0, 0, 0, 3, 0, 0, 0, 0, 1, 4
"e:\VSCODE\WORK\bitcoinetf.org\public\img\icons\mono\action\maximize.svg", "SVG", 0, 0, 0, 0, 0, 0, 0, 3, 0, 0, 0, 0, 1, 4
"e:\VSCODE\WORK\bitcoinetf.org\public\img\icons\mono\action\menu.svg", "SVG", 0, 0, 0, 0, 0, 0, 0, 3, 0, 0, 0, 0, 1, 4
"e:\VSCODE\WORK\bitcoinetf.org\public\img\icons\mono\action\minimize.svg", "SVG", 0, 0, 0, 0, 0, 0, 0, 3, 0, 0, 0, 0, 1, 4
"e:\VSCODE\WORK\bitcoinetf.org\public\img\icons\mono\action\more.svg", "SVG", 0, 0, 0, 0, 0, 0, 0, 17, 0, 0, 0, 0, 1, 18
"e:\VSCODE\WORK\bitcoinetf.org\public\img\icons\mono\action\play-filled.svg", "SVG", 0, 0, 0, 0, 0, 0, 0, 3, 0, 0, 0, 0, 1, 4
"e:\VSCODE\WORK\bitcoinetf.org\public\img\icons\mono\action\play-outline.svg", "SVG", 0, 0, 0, 0, 0, 0, 0, 3, 0, 0, 0, 0, 1, 4
"e:\VSCODE\WORK\bitcoinetf.org\public\img\icons\mono\action\play.svg", "SVG", 0, 0, 0, 0, 0, 0, 0, 3, 0, 0, 0, 0, 1, 4
"e:\VSCODE\WORK\bitcoinetf.org\public\img\icons\mono\action\player-pause.svg", "SVG", 0, 0, 0, 0, 0, 0, 0, 4, 0, 0, 0, 0, 1, 5
"e:\VSCODE\WORK\bitcoinetf.org\public\img\icons\mono\action\plus.svg", "SVG", 0, 0, 0, 0, 0, 0, 0, 3, 0, 0, 0, 0, 1, 4
"e:\VSCODE\WORK\bitcoinetf.org\public\img\icons\mono\action\program.svg", "SVG", 0, 0, 0, 0, 0, 0, 0, 3, 0, 0, 0, 0, 1, 4
"e:\VSCODE\WORK\bitcoinetf.org\public\img\icons\mono\action\resizer.svg", "SVG", 0, 0, 0, 0, 0, 0, 0, 4, 0, 0, 0, 0, 1, 5
"e:\VSCODE\WORK\bitcoinetf.org\public\img\icons\mono\action\settings.svg", "SVG", 0, 0, 0, 0, 0, 0, 0, 3, 0, 0, 0, 0, 1, 4
"e:\VSCODE\WORK\bitcoinetf.org\public\img\icons\mono\action\share-arrow.svg", "SVG", 0, 0, 0, 0, 0, 0, 0, 3, 0, 0, 0, 0, 1, 4
"e:\VSCODE\WORK\bitcoinetf.org\public\img\icons\mono\action\share.svg", "SVG", 0, 0, 0, 0, 0, 0, 0, 4, 0, 0, 0, 0, 1, 5
"e:\VSCODE\WORK\bitcoinetf.org\public\img\icons\mono\action\skip-left.svg", "SVG", 0, 0, 0, 0, 0, 0, 0, 3, 0, 0, 0, 0, 1, 4
"e:\VSCODE\WORK\bitcoinetf.org\public\img\icons\mono\action\skip-right.svg", "SVG", 0, 0, 0, 0, 0, 0, 0, 3, 0, 0, 0, 0, 1, 4
"e:\VSCODE\WORK\bitcoinetf.org\public\img\icons\mono\action\sort.svg", "SVG", 0, 0, 0, 0, 0, 0, 0, 3, 0, 0, 0, 0, 1, 4
"e:\VSCODE\WORK\bitcoinetf.org\public\img\icons\mono\action\trash.svg", "SVG", 0, 0, 0, 0, 0, 0, 0, 3, 0, 0, 0, 0, 1, 4
"e:\VSCODE\WORK\bitcoinetf.org\public\img\icons\mono\action\volume-off.svg", "SVG", 0, 0, 0, 0, 0, 0, 0, 17, 0, 0, 0, 0, 1, 18
"e:\VSCODE\WORK\bitcoinetf.org\public\img\icons\mono\action\volume-on.svg", "SVG", 0, 0, 0, 0, 0, 0, 0, 17, 0, 0, 0, 0, 1, 18
"e:\VSCODE\WORK\bitcoinetf.org\public\img\icons\mono\action\watch-next.svg", "SVG", 0, 0, 0, 0, 0, 0, 0, 3, 0, 0, 0, 0, 1, 4
"e:\VSCODE\WORK\bitcoinetf.org\public\img\icons\mono\analytics.svg", "SVG", 0, 0, 0, 0, 0, 0, 0, 3, 0, 0, 0, 0, 1, 4
"e:\VSCODE\WORK\bitcoinetf.org\public\img\icons\mono\apple-pay.svg", "SVG", 0, 0, 0, 0, 0, 0, 0, 3, 0, 0, 0, 0, 1, 4
"e:\VSCODE\WORK\bitcoinetf.org\public\img\icons\mono\apple.svg", "SVG", 0, 0, 0, 0, 0, 0, 0, 11, 0, 0, 0, 0, 1, 12
"e:\VSCODE\WORK\bitcoinetf.org\public\img\icons\mono\bit.svg", "SVG", 0, 0, 0, 0, 0, 0, 0, 3, 0, 0, 0, 0, 1, 4
"e:\VSCODE\WORK\bitcoinetf.org\public\img\icons\mono\bitcoin-b.svg", "SVG", 0, 0, 0, 0, 0, 0, 0, 3, 0, 0, 0, 0, 1, 4
"e:\VSCODE\WORK\bitcoinetf.org\public\img\icons\mono\blog.svg", "SVG", 0, 0, 0, 0, 0, 0, 0, 3, 0, 0, 0, 0, 1, 4
"e:\VSCODE\WORK\bitcoinetf.org\public\img\icons\mono\btc-uni.svg", "SVG", 0, 0, 0, 0, 0, 0, 0, 5, 0, 0, 0, 0, 2, 7
"e:\VSCODE\WORK\bitcoinetf.org\public\img\icons\mono\chevron-bottom.svg", "SVG", 0, 0, 0, 0, 0, 0, 0, 3, 0, 0, 0, 0, 1, 4
"e:\VSCODE\WORK\bitcoinetf.org\public\img\icons\mono\chevron-left.svg", "SVG", 0, 0, 0, 0, 0, 0, 0, 3, 0, 0, 0, 0, 1, 4
"e:\VSCODE\WORK\bitcoinetf.org\public\img\icons\mono\chevron-light-bottom.svg", "SVG", 0, 0, 0, 0, 0, 0, 0, 3, 0, 0, 0, 0, 1, 4
"e:\VSCODE\WORK\bitcoinetf.org\public\img\icons\mono\chevron-right.svg", "SVG", 0, 0, 0, 0, 0, 0, 0, 3, 0, 0, 0, 0, 1, 4
"e:\VSCODE\WORK\bitcoinetf.org\public\img\icons\mono\chevron-top.svg", "SVG", 0, 0, 0, 0, 0, 0, 0, 3, 0, 0, 0, 0, 1, 4
"e:\VSCODE\WORK\bitcoinetf.org\public\img\icons\mono\copy.svg", "SVG", 0, 0, 0, 0, 0, 0, 0, 3, 0, 0, 0, 0, 1, 4
"e:\VSCODE\WORK\bitcoinetf.org\public\img\icons\mono\credit-card.svg", "SVG", 0, 0, 0, 0, 0, 0, 0, 3, 0, 0, 0, 0, 1, 4
"e:\VSCODE\WORK\bitcoinetf.org\public\img\icons\mono\earnings.svg", "SVG", 0, 0, 0, 0, 0, 0, 0, 3, 0, 0, 0, 0, 1, 4
"e:\VSCODE\WORK\bitcoinetf.org\public\img\icons\mono\eye-crossed.svg", "SVG", 0, 0, 0, 0, 0, 0, 0, 14, 0, 0, 0, 0, 1, 15
"e:\VSCODE\WORK\bitcoinetf.org\public\img\icons\mono\eye.svg", "SVG", 0, 0, 0, 0, 0, 0, 0, 3, 0, 0, 0, 0, 1, 4
"e:\VSCODE\WORK\bitcoinetf.org\public\img\icons\mono\facebook-black.svg", "SVG", 0, 0, 0, 0, 0, 0, 0, 3, 0, 0, 0, 0, 1, 4
"e:\VSCODE\WORK\bitcoinetf.org\public\img\icons\mono\facebook.svg", "SVG", 0, 0, 0, 0, 0, 0, 0, 3, 0, 0, 0, 0, 1, 4
"e:\VSCODE\WORK\bitcoinetf.org\public\img\icons\mono\file.svg", "SVG", 0, 0, 0, 0, 0, 0, 0, 3, 0, 0, 0, 0, 1, 4
"e:\VSCODE\WORK\bitcoinetf.org\public\img\icons\mono\info.svg", "SVG", 0, 0, 0, 0, 0, 0, 0, 3, 0, 0, 0, 0, 1, 4
"e:\VSCODE\WORK\bitcoinetf.org\public\img\icons\mono\instagram-black.svg", "SVG", 0, 0, 0, 0, 0, 0, 0, 3, 0, 0, 0, 0, 1, 4
"e:\VSCODE\WORK\bitcoinetf.org\public\img\icons\mono\learn.svg", "SVG", 0, 0, 0, 0, 0, 0, 0, 3, 0, 0, 0, 0, 1, 4
"e:\VSCODE\WORK\bitcoinetf.org\public\img\icons\mono\link.svg", "SVG", 0, 0, 0, 0, 0, 0, 0, 3, 0, 0, 0, 0, 1, 4
"e:\VSCODE\WORK\bitcoinetf.org\public\img\icons\mono\linkedin-black.svg", "SVG", 0, 0, 0, 0, 0, 0, 0, 3, 0, 0, 0, 0, 1, 4
"e:\VSCODE\WORK\bitcoinetf.org\public\img\icons\mono\lock.svg", "SVG", 0, 0, 0, 0, 0, 0, 0, 3, 0, 0, 0, 0, 1, 4
"e:\VSCODE\WORK\bitcoinetf.org\public\img\icons\mono\logout.svg", "SVG", 0, 0, 0, 0, 0, 0, 0, 3, 0, 0, 0, 0, 1, 4
"e:\VSCODE\WORK\bitcoinetf.org\public\img\icons\mono\mail-light.svg", "SVG", 0, 0, 0, 0, 0, 0, 0, 3, 0, 0, 0, 0, 1, 4
"e:\VSCODE\WORK\bitcoinetf.org\public\img\icons\mono\mail.svg", "SVG", 0, 0, 0, 0, 0, 0, 0, 10, 0, 0, 0, 1, 1, 12
"e:\VSCODE\WORK\bitcoinetf.org\public\img\icons\mono\medium.svg", "SVG", 0, 0, 0, 0, 0, 0, 0, 3, 0, 0, 0, 0, 1, 4
"e:\VSCODE\WORK\bitcoinetf.org\public\img\icons\mono\menu.svg", "SVG", 0, 0, 0, 0, 0, 0, 0, 3, 0, 0, 0, 0, 1, 4
"e:\VSCODE\WORK\bitcoinetf.org\public\img\icons\mono\message.svg", "SVG", 0, 0, 0, 0, 0, 0, 0, 3, 0, 0, 0, 0, 1, 4
"e:\VSCODE\WORK\bitcoinetf.org\public\img\icons\mono\minus.svg", "SVG", 0, 0, 0, 0, 0, 0, 0, 3, 0, 0, 0, 0, 1, 4
"e:\VSCODE\WORK\bitcoinetf.org\public\img\icons\mono\more.svg", "SVG", 0, 0, 0, 0, 0, 0, 0, 3, 0, 0, 0, 0, 1, 4
"e:\VSCODE\WORK\bitcoinetf.org\public\img\icons\mono\navigation\arrow-bottom.svg", "SVG", 0, 0, 0, 0, 0, 0, 0, 3, 0, 0, 0, 0, 1, 4
"e:\VSCODE\WORK\bitcoinetf.org\public\img\icons\mono\navigation\arrow-left-white.svg", "SVG", 0, 0, 0, 0, 0, 0, 0, 3, 0, 0, 0, 0, 1, 4
"e:\VSCODE\WORK\bitcoinetf.org\public\img\icons\mono\navigation\arrow-left.svg", "SVG", 0, 0, 0, 0, 0, 0, 0, 3, 0, 0, 0, 0, 1, 4
"e:\VSCODE\WORK\bitcoinetf.org\public\img\icons\mono\navigation\arrow-right.svg", "SVG", 0, 0, 0, 0, 0, 0, 0, 3, 0, 0, 0, 0, 1, 4
"e:\VSCODE\WORK\bitcoinetf.org\public\img\icons\mono\navigation\arrow-top.svg", "SVG", 0, 0, 0, 0, 0, 0, 0, 3, 0, 0, 0, 0, 1, 4
"e:\VSCODE\WORK\bitcoinetf.org\public\img\icons\mono\navigation\chevron-bottom.svg", "SVG", 0, 0, 0, 0, 0, 0, 0, 3, 0, 0, 0, 0, 1, 4
"e:\VSCODE\WORK\bitcoinetf.org\public\img\icons\mono\navigation\chevron-left.svg", "SVG", 0, 0, 0, 0, 0, 0, 0, 3, 0, 0, 0, 0, 1, 4
"e:\VSCODE\WORK\bitcoinetf.org\public\img\icons\mono\navigation\chevron-right.svg", "SVG", 0, 0, 0, 0, 0, 0, 0, 3, 0, 0, 0, 0, 1, 4
"e:\VSCODE\WORK\bitcoinetf.org\public\img\icons\mono\navigation\chevron-top.svg", "SVG", 0, 0, 0, 0, 0, 0, 0, 3, 0, 0, 0, 0, 1, 4
"e:\VSCODE\WORK\bitcoinetf.org\public\img\icons\mono\navigation\download-order.svg", "SVG", 0, 0, 0, 0, 0, 0, 0, 4, 0, 0, 0, 0, 1, 5
"e:\VSCODE\WORK\bitcoinetf.org\public\img\icons\mono\navigation\download-pause.svg", "SVG", 0, 0, 0, 0, 0, 0, 0, 7, 0, 0, 0, 0, 1, 8
"e:\VSCODE\WORK\bitcoinetf.org\public\img\icons\mono\navigation\download-stoped.svg", "SVG", 0, 0, 0, 0, 0, 0, 0, 6, 0, 0, 0, 0, 1, 7
"e:\VSCODE\WORK\bitcoinetf.org\public\img\icons\mono\navigation\download.svg", "SVG", 0, 0, 0, 0, 0, 0, 0, 4, 0, 0, 0, 0, 1, 5
"e:\VSCODE\WORK\bitcoinetf.org\public\img\icons\mono\navigation\downloaded.svg", "SVG", 0, 0, 0, 0, 0, 0, 0, 3, 0, 0, 0, 0, 1, 4
"e:\VSCODE\WORK\bitcoinetf.org\public\img\icons\mono\navigation\items.svg", "SVG", 0, 0, 0, 0, 0, 0, 0, 3, 0, 0, 0, 0, 1, 4
"e:\VSCODE\WORK\bitcoinetf.org\public\img\icons\mono\navigation\loader.svg", "SVG", 0, 0, 0, 0, 0, 0, 0, 6, 0, 0, 0, 0, 1, 7
"e:\VSCODE\WORK\bitcoinetf.org\public\img\icons\mono\navigation\logout.svg", "SVG", 0, 0, 0, 0, 0, 0, 0, 3, 0, 0, 0, 0, 1, 4
"e:\VSCODE\WORK\bitcoinetf.org\public\img\icons\mono\navigation\search.svg", "SVG", 0, 0, 0, 0, 0, 0, 0, 3, 0, 0, 0, 0, 1, 4
"e:\VSCODE\WORK\bitcoinetf.org\public\img\icons\mono\navigation\user.svg", "SVG", 0, 0, 0, 0, 0, 0, 0, 3, 0, 0, 0, 0, 1, 4
"e:\VSCODE\WORK\bitcoinetf.org\public\img\icons\mono\paste.svg", "SVG", 0, 0, 0, 0, 0, 0, 0, 3, 0, 0, 0, 0, 1, 4
"e:\VSCODE\WORK\bitcoinetf.org\public\img\icons\mono\plus.svg", "SVG", 0, 0, 0, 0, 0, 0, 0, 3, 0, 0, 0, 0, 1, 4
"e:\VSCODE\WORK\bitcoinetf.org\public\img\icons\mono\profile.svg", "SVG", 0, 0, 0, 0, 0, 0, 0, 3, 0, 0, 0, 0, 1, 4
"e:\VSCODE\WORK\bitcoinetf.org\public\img\icons\mono\satoshi-uni.svg", "SVG", 0, 0, 0, 0, 0, 0, 0, 5, 0, 0, 0, 0, 1, 6
"e:\VSCODE\WORK\bitcoinetf.org\public\img\icons\mono\support.svg", "SVG", 0, 0, 0, 0, 0, 0, 0, 3, 0, 0, 0, 0, 1, 4
"e:\VSCODE\WORK\bitcoinetf.org\public\img\icons\mono\telegram-black.svg", "SVG", 0, 0, 0, 0, 0, 0, 0, 3, 0, 0, 0, 0, 1, 4
"e:\VSCODE\WORK\bitcoinetf.org\public\img\icons\mono\telegram.svg", "SVG", 0, 0, 0, 0, 0, 0, 0, 3, 0, 0, 0, 0, 1, 4
"e:\VSCODE\WORK\bitcoinetf.org\public\img\icons\mono\telegram2-black.svg", "SVG", 0, 0, 0, 0, 0, 0, 0, 3, 0, 0, 0, 0, 1, 4
"e:\VSCODE\WORK\bitcoinetf.org\public\img\icons\mono\terms.svg", "SVG", 0, 0, 0, 0, 0, 0, 0, 3, 0, 0, 0, 0, 1, 4
"e:\VSCODE\WORK\bitcoinetf.org\public\img\icons\mono\theme.svg", "SVG", 0, 0, 0, 0, 0, 0, 0, 3, 0, 0, 0, 0, 1, 4
"e:\VSCODE\WORK\bitcoinetf.org\public\img\icons\mono\twitter-black.svg", "SVG", 0, 0, 0, 0, 0, 0, 0, 9, 0, 0, 0, 0, 1, 10
"e:\VSCODE\WORK\bitcoinetf.org\public\img\icons\mono\twitter.svg", "SVG", 0, 0, 0, 0, 0, 0, 0, 3, 0, 0, 0, 0, 1, 4
"e:\VSCODE\WORK\bitcoinetf.org\public\img\icons\mono\unknown-black.svg", "SVG", 0, 0, 0, 0, 0, 0, 0, 3, 0, 0, 0, 0, 1, 4
"e:\VSCODE\WORK\bitcoinetf.org\public\img\icons\mono\vk.svg", "SVG", 0, 0, 0, 0, 0, 0, 0, 3, 0, 0, 0, 0, 1, 4
"e:\VSCODE\WORK\bitcoinetf.org\public\img\icons\mono\wallet.svg", "SVG", 0, 0, 0, 0, 0, 0, 0, 3, 0, 0, 0, 0, 1, 4
"e:\VSCODE\WORK\bitcoinetf.org\public\img\icons\mono\withdraw.svg", "SVG", 0, 0, 0, 0, 0, 0, 0, 3, 0, 0, 0, 0, 1, 4
"e:\VSCODE\WORK\bitcoinetf.org\public\img\icons\mono\x.svg", "SVG", 0, 0, 0, 0, 0, 0, 0, 3, 0, 0, 0, 0, 1, 4
"e:\VSCODE\WORK\bitcoinetf.org\public\img\jalal.svg", "SVG", 0, 0, 0, 0, 0, 0, 0, 3, 0, 0, 0, 0, 1, 4
"e:\VSCODE\WORK\bitcoinetf.org\public\img\logo-white.svg", "SVG", 0, 0, 0, 0, 0, 0, 0, 25, 0, 0, 0, 0, 1, 26
"e:\VSCODE\WORK\bitcoinetf.org\public\img\logo.svg", "SVG", 0, 0, 0, 0, 0, 0, 0, 25, 0, 0, 0, 0, 1, 26
"e:\VSCODE\WORK\bitcoinetf.org\public\img\partners\Insider-dark.svg", "SVG", 0, 0, 0, 0, 0, 0, 0, 10, 0, 0, 0, 0, 1, 11
"e:\VSCODE\WORK\bitcoinetf.org\public\img\partners\business-insider-dark.svg", "SVG", 0, 0, 0, 0, 0, 0, 0, 10, 0, 0, 0, 0, 1, 11
"e:\VSCODE\WORK\bitcoinetf.org\public\img\partners\business-insider.svg", "SVG", 0, 0, 0, 0, 0, 0, 0, 3, 0, 0, 0, 0, 1, 4
"e:\VSCODE\WORK\bitcoinetf.org\public\img\partners\coindesk-dark.svg", "SVG", 0, 0, 0, 0, 0, 0, 0, 22, 0, 0, 0, 0, 1, 23
"e:\VSCODE\WORK\bitcoinetf.org\public\img\partners\coindesk.svg", "SVG", 0, 0, 0, 0, 0, 0, 0, 22, 0, 0, 0, 0, 1, 23
"e:\VSCODE\WORK\bitcoinetf.org\public\img\partners\forbes-dark.svg", "SVG", 0, 0, 0, 0, 0, 0, 0, 10, 0, 0, 0, 0, 1, 11
"e:\VSCODE\WORK\bitcoinetf.org\public\img\partners\forbes.svg", "SVG", 0, 0, 0, 0, 0, 0, 0, 3, 0, 0, 0, 0, 1, 4
"e:\VSCODE\WORK\bitcoinetf.org\public\img\partners\techcruch-dark.svg", "SVG", 0, 0, 0, 0, 0, 0, 0, 12, 0, 0, 0, 0, 1, 13
"e:\VSCODE\WORK\bitcoinetf.org\public\img\partners\techcrunch.svg", "SVG", 0, 0, 0, 0, 0, 0, 0, 12, 0, 0, 0, 0, 1, 13
"e:\VSCODE\WORK\bitcoinetf.org\public\img\portfolio\baa.svg", "SVG", 0, 0, 0, 0, 0, 0, 0, 18, 0, 0, 0, 0, 1, 19
"e:\VSCODE\WORK\bitcoinetf.org\public\img\portfolio\boa.svg", "SVG", 0, 0, 0, 0, 0, 0, 0, 26, 0, 0, 0, 0, 1, 27
"e:\VSCODE\WORK\bitcoinetf.org\public\img\portfolio\brf.svg", "SVG", 0, 0, 0, 0, 0, 0, 0, 18, 0, 0, 0, 0, 1, 19
"e:\VSCODE\WORK\bitcoinetf.org\public\img\portfolio\fba.svg", "SVG", 0, 0, 0, 0, 0, 0, 0, 18, 0, 0, 0, 0, 1, 19
"e:\VSCODE\WORK\bitcoinetf.org\public\img\portfolio\sba.svg", "SVG", 0, 0, 0, 0, 0, 0, 0, 18, 0, 0, 0, 0, 1, 19
"e:\VSCODE\WORK\bitcoinetf.org\public\img\portfolio\usdt.svg", "SVG", 0, 0, 0, 0, 0, 0, 0, 19, 0, 0, 0, 0, 1, 20
"e:\VSCODE\WORK\bitcoinetf.org\public\img\portfolio\vault.svg", "SVG", 0, 0, 0, 0, 0, 0, 0, 22, 0, 0, 0, 0, 1, 23
"e:\VSCODE\WORK\bitcoinetf.org\public\img\purchase\certificate-btc.svg", "SVG", 0, 0, 0, 0, 0, 0, 0, 333, 0, 0, 0, 0, 1, 334
"e:\VSCODE\WORK\bitcoinetf.org\public\img\purchase\certificate-usdt.svg", "SVG", 0, 0, 0, 0, 0, 0, 0, 322, 0, 0, 0, 0, 1, 323
"e:\VSCODE\WORK\bitcoinetf.org\public\img\qr-code-test.svg", "SVG", 0, 0, 0, 0, 0, 0, 0, 333, 0, 0, 0, 0, 1, 334
"e:\VSCODE\WORK\bitcoinetf.org\public\img\site-dark\check.svg", "SVG", 0, 0, 0, 0, 0, 0, 0, 4, 0, 0, 0, 0, 1, 5
"e:\VSCODE\WORK\bitcoinetf.org\public\img\site-dark\s-site-act\arrow.svg", "SVG", 0, 0, 0, 0, 0, 0, 0, 9, 0, 0, 0, 0, 1, 10
"e:\VSCODE\WORK\bitcoinetf.org\public\img\site-dark\s-site-earnings\arrow.svg", "SVG", 0, 0, 0, 0, 0, 0, 0, 9, 0, 0, 0, 0, 1, 10
"e:\VSCODE\WORK\bitcoinetf.org\public\img\site-dark\s-site-footer\logo.svg", "SVG", 0, 0, 0, 0, 0, 0, 0, 25, 0, 0, 0, 0, 1, 26
"e:\VSCODE\WORK\bitcoinetf.org\public\img\site-dark\s-site-footer\send.svg", "SVG", 0, 0, 0, 0, 0, 0, 0, 3, 0, 0, 0, 0, 1, 4
"e:\VSCODE\WORK\bitcoinetf.org\public\img\site-dark\s-site-fund-ceo\arrow.svg", "SVG", 0, 0, 0, 0, 0, 0, 0, 9, 0, 0, 0, 0, 1, 10
"e:\VSCODE\WORK\bitcoinetf.org\public\img\site-dark\s-site-fund-main\arrow.svg", "SVG", 0, 0, 0, 0, 0, 0, 0, 9, 0, 0, 0, 0, 1, 10
"e:\VSCODE\WORK\bitcoinetf.org\public\img\site-dark\s-site-fund\icon.svg", "SVG", 0, 0, 0, 0, 0, 0, 0, 7, 0, 0, 0, 0, 1, 8
"e:\VSCODE\WORK\bitcoinetf.org\public\img\site-dark\s-site-investor\arrow.svg", "SVG", 0, 0, 0, 0, 0, 0, 0, 9, 0, 0, 0, 0, 1, 10
"e:\VSCODE\WORK\bitcoinetf.org\public\img\site-dark\s-site-main\info.svg", "SVG", 0, 0, 0, 0, 0, 0, 0, 10, 0, 0, 0, 0, 1, 11
"e:\VSCODE\WORK\bitcoinetf.org\public\img\site-dark\s-site-marquee\1.svg", "SVG", 0, 0, 0, 0, 0, 0, 0, 3, 0, 0, 0, 0, 1, 4
"e:\VSCODE\WORK\bitcoinetf.org\public\img\site-dark\s-site-marquee\2.svg", "SVG", 0, 0, 0, 0, 0, 0, 0, 11, 0, 0, 0, 0, 1, 12
"e:\VSCODE\WORK\bitcoinetf.org\public\img\site-dark\s-site-marquee\3.svg", "SVG", 0, 0, 0, 0, 0, 0, 0, 22, 0, 0, 0, 0, 1, 23
"e:\VSCODE\WORK\bitcoinetf.org\public\img\site-dark\s-site-marquee\4.svg", "SVG", 0, 0, 0, 0, 0, 0, 0, 24, 0, 0, 0, 0, 1, 25
"e:\VSCODE\WORK\bitcoinetf.org\public\img\site-dark\s-site-protection\arrow.svg", "SVG", 0, 0, 0, 0, 0, 0, 0, 9, 0, 0, 0, 0, 1, 10
"e:\VSCODE\WORK\bitcoinetf.org\public\img\site-dark\s-site-referrals-id\arrow.svg", "SVG", 0, 0, 0, 0, 0, 0, 0, 9, 0, 0, 0, 0, 1, 10
"e:\VSCODE\WORK\bitcoinetf.org\public\img\site-dark\s-site-referrals-main\arrow.svg", "SVG", 0, 0, 0, 0, 0, 0, 0, 9, 0, 0, 0, 0, 1, 10
"e:\VSCODE\WORK\bitcoinetf.org\public\img\site-dark\s-site-referrals-share\arrow.svg", "SVG", 0, 0, 0, 0, 0, 0, 0, 9, 0, 0, 0, 0, 1, 10
"e:\VSCODE\WORK\bitcoinetf.org\public\img\site-dark\s-site-ultimate\arrow.svg", "SVG", 0, 0, 0, 0, 0, 0, 0, 9, 0, 0, 0, 0, 1, 10
"e:\VSCODE\WORK\bitcoinetf.org\public\img\site-dark\s-site-welcome\heart.svg", "SVG", 0, 0, 0, 0, 0, 0, 0, 9, 0, 0, 0, 0, 1, 10
"e:\VSCODE\WORK\bitcoinetf.org\public\img\site_v2\bonus\mir.svg", "SVG", 0, 0, 0, 0, 0, 0, 0, 10, 0, 0, 0, 0, 1, 11
"e:\VSCODE\WORK\bitcoinetf.org\public\img\site_v2\slider\1.svg", "SVG", 0, 0, 0, 0, 0, 0, 0, 10, 0, 0, 0, 0, 1, 11
"e:\VSCODE\WORK\bitcoinetf.org\public\img\test.svg", "SVG", 0, 0, 0, 0, 0, 0, 0, 22, 0, 0, 0, 0, 1, 23
"e:\VSCODE\WORK\bitcoinetf.org\public\marquee\StreetInsider.com.svg", "SVG", 0, 0, 0, 0, 0, 0, 0, 21, 0, 0, 0, 0, 1, 22
"e:\VSCODE\WORK\bitcoinetf.org\public\marquee\ap.svg", "SVG", 0, 0, 0, 0, 0, 0, 0, 7, 0, 0, 0, 0, 1, 8
"e:\VSCODE\WORK\bitcoinetf.org\public\marquee\bi.svg", "SVG", 0, 0, 0, 0, 0, 0, 0, 10, 0, 0, 0, 0, 1, 11
"e:\VSCODE\WORK\bitcoinetf.org\public\marquee\digitaljournal.svg", "SVG", 0, 0, 0, 0, 0, 0, 0, 4, 0, 0, 0, 0, 1, 5
"e:\VSCODE\WORK\bitcoinetf.org\public\marquee\nm.svg", "SVG", 0, 0, 0, 0, 0, 0, 0, 16, 0, 0, 0, 0, 1, 17
"e:\VSCODE\WORK\bitcoinetf.org\src\app\adapters\apiAdapter.ts", "TypeScript", 0, 0, 0, 0, 0, 243, 0, 0, 0, 0, 0, 2, 29, 274
"e:\VSCODE\WORK\bitcoinetf.org\src\app\adapters\ethAdapter.ts", "TypeScript", 0, 0, 0, 0, 0, 80, 0, 0, 0, 0, 0, 6, 25, 111
"e:\VSCODE\WORK\bitcoinetf.org\src\app\adapters\infoAdapter.ts", "TypeScript", 0, 0, 0, 0, 0, 77, 0, 0, 0, 0, 0, 6, 23, 106
"e:\VSCODE\WORK\bitcoinetf.org\src\app\app.ts", "TypeScript", 0, 0, 0, 0, 0, 34, 0, 0, 0, 0, 0, 1, 7, 42
"e:\VSCODE\WORK\bitcoinetf.org\src\app\localStorage.ts", "TypeScript", 0, 0, 0, 0, 0, 18, 0, 0, 0, 0, 0, 0, 6, 24
"e:\VSCODE\WORK\bitcoinetf.org\src\app\middleware\auth.global.ts", "TypeScript", 0, 0, 0, 0, 0, 23, 0, 0, 0, 0, 0, 0, 9, 32
"e:\VSCODE\WORK\bitcoinetf.org\src\app\middleware\buy-shares-payment.ts", "TypeScript", 0, 0, 0, 0, 0, 8, 0, 0, 0, 0, 0, 0, 2, 10
"e:\VSCODE\WORK\bitcoinetf.org\src\app\middleware\fix-scroll-position.global.ts", "TypeScript", 0, 0, 0, 0, 0, 8, 0, 0, 0, 0, 0, 0, 4, 12
"e:\VSCODE\WORK\bitcoinetf.org\src\app\plugins\01.vtinput.client.ts", "TypeScript", 0, 0, 0, 0, 0, 4, 0, 0, 0, 0, 0, 0, 1, 5
"e:\VSCODE\WORK\bitcoinetf.org\src\app\plugins\02.app.ts", "TypeScript", 0, 0, 0, 0, 0, 62, 0, 0, 0, 0, 0, 3, 12, 77
"e:\VSCODE\WORK\bitcoinetf.org\src\app\plugins\03.init.ts", "TypeScript", 0, 0, 0, 0, 0, 72, 0, 0, 0, 0, 0, 15, 6, 93
"e:\VSCODE\WORK\bitcoinetf.org\src\app\plugins\04.Vue3Marquee.client.ts", "TypeScript", 0, 0, 0, 0, 0, 4, 0, 0, 0, 0, 0, 0, 2, 6
"e:\VSCODE\WORK\bitcoinetf.org\src\app\plugins\05.marketing-counters.client.ts", "TypeScript", 0, 0, 0, 0, 0, 24, 0, 0, 0, 0, 0, 3, 6, 33
"e:\VSCODE\WORK\bitcoinetf.org\src\app\skeletons.ts", "TypeScript", 0, 0, 0, 0, 0, 40, 0, 0, 0, 0, 0, 0, 10, 50
"e:\VSCODE\WORK\bitcoinetf.org\src\app\store.ts", "TypeScript", 0, 0, 0, 0, 0, 69, 0, 0, 0, 0, 0, 0, 13, 82
"e:\VSCODE\WORK\bitcoinetf.org\src\app\store\asset.ts", "TypeScript", 0, 0, 0, 0, 0, 7, 0, 0, 0, 0, 0, 0, 2, 9
"e:\VSCODE\WORK\bitcoinetf.org\src\app\store\assets.ts", "TypeScript", 0, 0, 0, 0, 0, 23, 0, 0, 0, 0, 0, 0, 11, 34
"e:\VSCODE\WORK\bitcoinetf.org\src\app\store\auth.ts", "TypeScript", 0, 0, 0, 0, 0, 113, 0, 0, 0, 0, 0, 41, 23, 177
"e:\VSCODE\WORK\bitcoinetf.org\src\app\store\authGoogle.ts", "TypeScript", 0, 0, 0, 0, 0, 19, 0, 0, 0, 0, 0, 0, 5, 24
"e:\VSCODE\WORK\bitcoinetf.org\src\app\store\authTelegram.ts", "TypeScript", 0, 0, 0, 0, 0, 19, 0, 0, 0, 0, 0, 0, 5, 24
"e:\VSCODE\WORK\bitcoinetf.org\src\app\store\persiste.ts", "TypeScript", 0, 0, 0, 0, 0, 11, 0, 0, 0, 0, 0, 0, 3, 14
"e:\VSCODE\WORK\bitcoinetf.org\src\app\store\user.ts", "TypeScript", 0, 0, 0, 0, 0, 55, 0, 0, 0, 0, 0, 1, 7, 63
"e:\VSCODE\WORK\bitcoinetf.org\src\app\styles\_icons.scss", "SCSS", 0, 0, 0, 0, 1, 0, 0, 0, 0, 0, 0, 0, 1, 2
"e:\VSCODE\WORK\bitcoinetf.org\src\app\styles\_variables.scss", "SCSS", 0, 0, 0, 0, 9, 0, 0, 0, 0, 0, 0, 0, 1, 10
"e:\VSCODE\WORK\bitcoinetf.org\src\app\styles\colors\_colors.scss", "SCSS", 0, 0, 0, 0, 90, 0, 0, 0, 0, 0, 0, 1, 26, 117
"e:\VSCODE\WORK\bitcoinetf.org\src\app\styles\colors\index.scss", "SCSS", 0, 0, 0, 0, 1, 0, 0, 0, 0, 0, 0, 0, 1, 2
"e:\VSCODE\WORK\bitcoinetf.org\src\app\styles\global.scss", "SCSS", 0, 0, 0, 0, 242, 0, 0, 0, 0, 0, 0, 12, 55, 309
"e:\VSCODE\WORK\bitcoinetf.org\src\app\styles\helpers\index.scss", "SCSS", 0, 0, 0, 0, 0, 0, 0, 0, 0, 0, 0, 0, 1, 1
"e:\VSCODE\WORK\bitcoinetf.org\src\app\styles\proxy-global.scss", "SCSS", 0, 0, 0, 0, 4, 0, 0, 0, 0, 0, 0, 0, 2, 6
"e:\VSCODE\WORK\bitcoinetf.org\src\app\styles\sizes\_border_radius.scss", "SCSS", 0, 0, 0, 0, 4, 0, 0, 0, 0, 0, 0, 0, 1, 5
"e:\VSCODE\WORK\bitcoinetf.org\src\app\styles\sizes\_scale.scss", "SCSS", 0, 0, 0, 0, 3, 0, 0, 0, 0, 0, 0, 0, 1, 4
"e:\VSCODE\WORK\bitcoinetf.org\src\app\styles\sizes\_z_index.scss", "SCSS", 0, 0, 0, 0, 6, 0, 0, 0, 0, 0, 0, 0, 1, 7
"e:\VSCODE\WORK\bitcoinetf.org\src\app\styles\sizes\index.scss", "SCSS", 0, 0, 0, 0, 3, 0, 0, 0, 0, 0, 0, 0, 1, 4
"e:\VSCODE\WORK\bitcoinetf.org\src\app\styles\tools\_breakpoints.scss", "SCSS", 0, 0, 0, 0, 46, 0, 0, 0, 0, 0, 0, 0, 6, 52
"e:\VSCODE\WORK\bitcoinetf.org\src\app\styles\tools\_layout.scss", "SCSS", 0, 0, 0, 0, 168, 0, 0, 0, 0, 0, 0, 5, 34, 207
"e:\VSCODE\WORK\bitcoinetf.org\src\app\styles\tools\_style-reset.scss", "SCSS", 0, 0, 0, 0, 117, 0, 0, 0, 0, 0, 0, 0, 13, 130
"e:\VSCODE\WORK\bitcoinetf.org\src\app\styles\tools\_utils.scss", "SCSS", 0, 0, 0, 0, 22, 0, 0, 0, 0, 0, 0, 0, 4, 26
"e:\VSCODE\WORK\bitcoinetf.org\src\app\styles\tools\index.scss", "SCSS", 0, 0, 0, 0, 3, 0, 0, 0, 0, 0, 0, 0, 1, 4
"e:\VSCODE\WORK\bitcoinetf.org\src\app\styles\typography\_controls.scss", "SCSS", 0, 0, 0, 0, 60, 0, 0, 0, 0, 0, 0, 0, 12, 72
"e:\VSCODE\WORK\bitcoinetf.org\src\app\styles\typography\_fonts.scss", "SCSS", 0, 0, 0, 0, 134, 0, 0, 0, 0, 0, 0, 0, 17, 151
"e:\VSCODE\WORK\bitcoinetf.org\src\app\styles\typography\_headings.scss", "SCSS", 0, 0, 0, 0, 99, 0, 0, 0, 0, 0, 0, 0, 22, 121
"e:\VSCODE\WORK\bitcoinetf.org\src\app\styles\typography\_text.scss", "SCSS", 0, 0, 0, 0, 86, 0, 0, 0, 0, 0, 0, 0, 18, 104
"e:\VSCODE\WORK\bitcoinetf.org\src\app\styles\typography\_variables.scss", "SCSS", 0, 0, 0, 0, 2, 0, 0, 0, 0, 0, 0, 0, 1, 3
"e:\VSCODE\WORK\bitcoinetf.org\src\app\styles\typography\index.scss", "SCSS", 0, 0, 0, 0, 5, 0, 0, 0, 0, 0, 0, 0, 1, 6
"e:\VSCODE\WORK\bitcoinetf.org\src\entities\e-apply-credit-card-modal\e-apply-credit-card-modal.scss", "SCSS", 0, 0, 0, 0, 68, 0, 0, 0, 0, 0, 0, 0, 18, 86
"e:\VSCODE\WORK\bitcoinetf.org\src\entities\e-apply-credit-card-modal\e-apply-credit-card-modal.vue", "Vue", 0, 0, 0, 60, 0, 0, 0, 0, 0, 0, 0, 0, 6, 66
"e:\VSCODE\WORK\bitcoinetf.org\src\entities\e-apply-credit-success-modal\e-apply-credit-success-modal.scss", "SCSS", 0, 0, 0, 0, 41, 0, 0, 0, 0, 0, 0, 0, 8, 49
"e:\VSCODE\WORK\bitcoinetf.org\src\entities\e-apply-credit-success-modal\e-apply-credit-success-modal.vue", "Vue", 0, 0, 0, 46, 0, 0, 0, 0, 0, 0, 0, 0, 8, 54
"e:\VSCODE\WORK\bitcoinetf.org\src\entities\e-asset-stats\e-asset-stats.scss", "SCSS", 0, 0, 0, 0, 18, 0, 0, 0, 0, 0, 0, 0, 5, 23
"e:\VSCODE\WORK\bitcoinetf.org\src\entities\e-asset-stats\e-asset-stats.vue", "Vue", 0, 0, 0, 102, 0, 0, 0, 0, 0, 0, 0, 0, 17, 119
"e:\VSCODE\WORK\bitcoinetf.org\src\entities\e-assets\e-assets.scss", "SCSS", 0, 0, 0, 0, 31, 0, 0, 0, 0, 0, 0, 1, 7, 39
"e:\VSCODE\WORK\bitcoinetf.org\src\entities\e-assets\e-assets.vue", "Vue", 0, 0, 0, 72, 0, 0, 0, 0, 0, 0, 0, 0, 10, 82
"e:\VSCODE\WORK\bitcoinetf.org\src\entities\e-breadcrumbs\e-breadcrumbs.scss", "SCSS", 0, 0, 0, 0, 25, 0, 0, 0, 0, 0, 0, 0, 5, 30
"e:\VSCODE\WORK\bitcoinetf.org\src\entities\e-breadcrumbs\e-breadcrumbs.vue", "Vue", 0, 0, 0, 62, 0, 0, 0, 0, 0, 0, 0, 0, 12, 74
"e:\VSCODE\WORK\bitcoinetf.org\src\entities\e-buy-shares-processing-modal\e-buy-shares-processing-modal.scss", "SCSS", 0, 0, 0, 0, 41, 0, 0, 0, 0, 0, 0, 0, 9, 50
"e:\VSCODE\WORK\bitcoinetf.org\src\entities\e-buy-shares-processing-modal\e-buy-shares-processing-modal.vue", "Vue", 0, 0, 0, 40, 0, 0, 0, 0, 0, 0, 0, 0, 8, 48
"e:\VSCODE\WORK\bitcoinetf.org\src\entities\e-buy-shares-success-modal\e-buy-shares-success-modal.scss", "SCSS", 0, 0, 0, 0, 123, 0, 0, 0, 0, 0, 0, 0, 22, 145
"e:\VSCODE\WORK\bitcoinetf.org\src\entities\e-buy-shares-success-modal\e-buy-shares-success-modal.vue", "Vue", 0, 0, 0, 157, 0, 0, 0, 0, 0, 0, 0, 0, 14, 171
"e:\VSCODE\WORK\bitcoinetf.org\src\entities\e-earning-processing\e-earning-processing.scss", "SCSS", 0, 0, 0, 0, 39, 0, 0, 0, 0, 0, 0, 0, 6, 45
"e:\VSCODE\WORK\bitcoinetf.org\src\entities\e-earning-processing\e-earning-processing.vue", "Vue", 0, 0, 0, 8, 0, 0, 0, 0, 0, 0, 0, 0, 2, 10
"e:\VSCODE\WORK\bitcoinetf.org\src\entities\e-earnings-empty\e-earnings-empty.scss", "SCSS", 0, 0, 0, 0, 39, 0, 0, 0, 0, 0, 0, 0, 6, 45
"e:\VSCODE\WORK\bitcoinetf.org\src\entities\e-earnings-empty\e-earnings-empty.vue", "Vue", 0, 0, 0, 18, 0, 0, 0, 0, 0, 0, 0, 0, 3, 21
"e:\VSCODE\WORK\bitcoinetf.org\src\entities\e-empty-data\e-empty-data.scss", "SCSS", 0, 0, 0, 0, 70, 0, 0, 0, 0, 0, 0, 0, 12, 82
"e:\VSCODE\WORK\bitcoinetf.org\src\entities\e-empty-data\e-empty-data.vue", "Vue", 0, 0, 0, 19, 0, 0, 0, 0, 0, 0, 0, 0, 3, 22
"e:\VSCODE\WORK\bitcoinetf.org\src\entities\e-finish-kyc\e-finish-kyc.scss", "SCSS", 0, 0, 0, 0, 41, 0, 0, 0, 0, 0, 0, 0, 8, 49
"e:\VSCODE\WORK\bitcoinetf.org\src\entities\e-finish-kyc\e-finish-kyc.vue", "Vue", 0, 0, 0, 45, 0, 0, 0, 0, 0, 0, 0, 0, 8, 53
"e:\VSCODE\WORK\bitcoinetf.org\src\entities\e-header-links\e-header-links.scss", "SCSS", 0, 0, 0, 0, 44, 0, 0, 0, 0, 0, 0, 0, 10, 54
"e:\VSCODE\WORK\bitcoinetf.org\src\entities\e-header-links\e-header-links.vue", "Vue", 0, 0, 0, 40, 0, 0, 0, 0, 0, 0, 0, 0, 8, 48
"e:\VSCODE\WORK\bitcoinetf.org\src\entities\e-image\e-image.vue", "Vue", 0, 0, 0, 12, 0, 0, 0, 0, 0, 0, 0, 0, 4, 16
"e:\VSCODE\WORK\bitcoinetf.org\src\entities\e-invest-modal\e-invest-modal.scss", "SCSS", 0, 0, 0, 0, 151, 0, 0, 0, 0, 0, 0, 0, 48, 199
"e:\VSCODE\WORK\bitcoinetf.org\src\entities\e-invest-modal\e-invest-modal.vue", "Vue", 0, 0, 0, 288, 0, 0, 0, 0, 0, 0, 0, 26, 50, 364
"e:\VSCODE\WORK\bitcoinetf.org\src\entities\e-kyc-start-modal\e-kyc-start-modal.scss", "SCSS", 0, 0, 0, 0, 73, 0, 0, 0, 0, 0, 0, 0, 16, 89
"e:\VSCODE\WORK\bitcoinetf.org\src\entities\e-kyc-start-modal\e-kyc-start-modal.vue", "Vue", 0, 0, 0, 66, 0, 0, 0, 0, 0, 0, 0, 0, 8, 74
"e:\VSCODE\WORK\bitcoinetf.org\src\entities\e-kyc-thanks-modal\e-kyc-thanks-modal.scss", "SCSS", 0, 0, 0, 0, 48, 0, 0, 0, 0, 0, 0, 0, 11, 59
"e:\VSCODE\WORK\bitcoinetf.org\src\entities\e-kyc-thanks-modal\e-kyc-thanks-modal.vue", "Vue", 0, 0, 0, 43, 0, 0, 0, 0, 0, 0, 0, 0, 6, 49
"e:\VSCODE\WORK\bitcoinetf.org\src\entities\e-page-info-modal\e-page-info-modal.scss", "SCSS", 0, 0, 0, 0, 134, 0, 0, 0, 0, 0, 0, 0, 25, 159
"e:\VSCODE\WORK\bitcoinetf.org\src\entities\e-page-info-modal\e-page-info-modal.vue", "Vue", 0, 0, 0, 57, 0, 0, 0, 0, 0, 0, 0, 0, 8, 65
"e:\VSCODE\WORK\bitcoinetf.org\src\entities\e-page-info-modal\ui\e-page-info-activity.vue", "Vue", 0, 0, 0, 50, 0, 0, 0, 0, 0, 0, 0, 0, 6, 56
"e:\VSCODE\WORK\bitcoinetf.org\src\entities\e-page-info-modal\ui\e-page-info-analytics.vue", "Vue", 0, 0, 0, 83, 0, 0, 0, 0, 0, 0, 0, 0, 16, 99
"e:\VSCODE\WORK\bitcoinetf.org\src\entities\e-page-info-modal\ui\e-page-info-buy-shares.vue", "Vue", 0, 0, 0, 78, 0, 0, 0, 0, 0, 0, 0, 0, 14, 92
"e:\VSCODE\WORK\bitcoinetf.org\src\entities\e-page-info-modal\ui\e-page-info-currency.vue", "Vue", 0, 0, 0, 52, 0, 0, 0, 0, 0, 0, 0, 0, 6, 58
"e:\VSCODE\WORK\bitcoinetf.org\src\entities\e-page-info-modal\ui\e-page-info-earnings.vue", "Vue", 0, 0, 0, 66, 0, 0, 0, 0, 0, 0, 0, 0, 16, 82
"e:\VSCODE\WORK\bitcoinetf.org\src\entities\e-page-info-modal\ui\e-page-info-latest-trades.vue", "Vue", 0, 0, 0, 52, 0, 0, 0, 0, 0, 0, 0, 0, 6, 58
"e:\VSCODE\WORK\bitcoinetf.org\src\entities\e-page-info-modal\ui\e-page-info-purchases.vue", "Vue", 0, 0, 0, 52, 0, 0, 0, 0, 0, 0, 0, 0, 6, 58
"e:\VSCODE\WORK\bitcoinetf.org\src\entities\e-page-info-modal\ui\e-page-info-settings.vue", "Vue", 0, 0, 0, 52, 0, 0, 0, 0, 0, 0, 0, 0, 6, 58
"e:\VSCODE\WORK\bitcoinetf.org\src\entities\e-page-info-modal\ui\e-page-info-shareholders.vue", "Vue", 0, 0, 0, 52, 0, 0, 0, 0, 0, 0, 0, 0, 6, 58
"e:\VSCODE\WORK\bitcoinetf.org\src\entities\e-page-info-modal\ui\e-page-info-statements.vue", "Vue", 0, 0, 0, 52, 0, 0, 0, 0, 0, 0, 0, 0, 6, 58
"e:\VSCODE\WORK\bitcoinetf.org\src\entities\e-page-info-modal\ui\e-page-info-wallet.vue", "Vue", 0, 0, 0, 81, 0, 0, 0, 0, 0, 0, 0, 0, 22, 103
"e:\VSCODE\WORK\bitcoinetf.org\src\entities\e-picture\e-picture.vue", "Vue", 0, 0, 0, 17, 0, 0, 0, 0, 0, 0, 0, 0, 6, 23
"e:\VSCODE\WORK\bitcoinetf.org\src\entities\e-processing-payment\e-processing-payment.scss", "SCSS", 0, 0, 0, 0, 39, 0, 0, 0, 0, 0, 0, 0, 6, 45
"e:\VSCODE\WORK\bitcoinetf.org\src\entities\e-processing-payment\e-processing-payment.vue", "Vue", 0, 0, 0, 20, 0, 0, 0, 0, 0, 0, 0, 0, 3, 23
"e:\VSCODE\WORK\bitcoinetf.org\src\entities\e-referral-share-modal\e-referral-share-modal.scss", "SCSS", 0, 0, 0, 0, 108, 0, 0, 0, 0, 0, 0, 0, 23, 131
"e:\VSCODE\WORK\bitcoinetf.org\src\entities\e-referral-share-modal\e-referral-share-modal.vue", "Vue", 0, 0, 0, 131, 0, 0, 0, 0, 0, 0, 0, 0, 16, 147
"e:\VSCODE\WORK\bitcoinetf.org\src\entities\e-registration-bonus-modal\e-registration-bonus-modal.scss", "SCSS", 0, 0, 0, 0, 42, 0, 0, 0, 0, 0, 0, 0, 9, 51
"e:\VSCODE\WORK\bitcoinetf.org\src\entities\e-registration-bonus-modal\e-registration-bonus-modal.vue", "Vue", 0, 0, 0, 65, 0, 0, 0, 0, 0, 0, 0, 0, 15, 80
"e:\VSCODE\WORK\bitcoinetf.org\src\entities\e-send-to-buy-shares\e-send-to-buy-shares.scss", "SCSS", 0, 0, 0, 0, 44, 0, 0, 0, 0, 0, 0, 0, 7, 51
"e:\VSCODE\WORK\bitcoinetf.org\src\entities\e-send-to-buy-shares\e-send-to-buy-shares.vue", "Vue", 0, 0, 0, 48, 0, 0, 0, 0, 0, 0, 0, 0, 10, 58
"e:\VSCODE\WORK\bitcoinetf.org\src\entities\e-stat\e-stat.scss", "SCSS", 0, 0, 0, 0, 194, 0, 0, 0, 0, 0, 0, 1, 34, 229
"e:\VSCODE\WORK\bitcoinetf.org\src\entities\e-stat\e-stat.vue", "Vue", 0, 0, 0, 116, 0, 0, 0, 0, 0, 0, 0, 1, 7, 124
"e:\VSCODE\WORK\bitcoinetf.org\src\entities\e-stats-apy\e-stats-apy.scss", "SCSS", 0, 0, 0, 0, 30, 0, 0, 0, 0, 0, 0, 3, 6, 39
"e:\VSCODE\WORK\bitcoinetf.org\src\entities\e-stats-apy\e-stats-apy.vue", "Vue", 0, 0, 0, 61, 0, 0, 0, 0, 0, 0, 0, 0, 10, 71
"e:\VSCODE\WORK\bitcoinetf.org\src\entities\e-stats-protection\e-stats-protection.scss", "SCSS", 0, 0, 0, 0, 19, 0, 0, 0, 0, 0, 0, 0, 6, 25
"e:\VSCODE\WORK\bitcoinetf.org\src\entities\e-stats-protection\e-stats-protection.vue", "Vue", 0, 0, 0, 38, 0, 0, 0, 0, 0, 0, 0, 0, 7, 45
"e:\VSCODE\WORK\bitcoinetf.org\src\entities\e-success-modal\e-success-modal.scss", "SCSS", 0, 0, 0, 0, 131, 0, 0, 0, 0, 0, 0, 3, 36, 170
"e:\VSCODE\WORK\bitcoinetf.org\src\entities\e-success-modal\e-success-modal.vue", "Vue", 0, 0, 0, 127, 0, 0, 0, 0, 0, 0, 0, 3, 14, 144
"e:\VSCODE\WORK\bitcoinetf.org\src\features\e-fund-tabs\e-fund-tabs.scss", "SCSS", 0, 0, 0, 0, 38, 0, 0, 0, 0, 0, 0, 0, 5, 43
"e:\VSCODE\WORK\bitcoinetf.org\src\features\e-fund-tabs\e-fund-tabs.vue", "Vue", 0, 0, 0, 36, 0, 0, 0, 0, 0, 0, 0, 0, 8, 44
"e:\VSCODE\WORK\bitcoinetf.org\src\features\f-kyc\f-kyc.scss", "SCSS", 0, 0, 0, 0, 121, 0, 0, 0, 0, 0, 0, 0, 25, 146
"e:\VSCODE\WORK\bitcoinetf.org\src\features\f-kyc\f-kyc.vue", "Vue", 0, 0, 0, 376, 0, 0, 0, 0, 0, 0, 0, 0, 49, 425
"e:\VSCODE\WORK\bitcoinetf.org\src\features\f-login\f-login.scss", "SCSS", 0, 0, 0, 0, 88, 0, 0, 0, 0, 0, 0, 0, 18, 106
"e:\VSCODE\WORK\bitcoinetf.org\src\features\f-login\f-login.vue", "Vue", 0, 0, 0, 283, 0, 0, 0, 0, 0, 0, 0, 7, 62, 352
"e:\VSCODE\WORK\bitcoinetf.org\src\features\f-purchases-modal\f-purchases-modal.scss", "SCSS", 0, 0, 0, 0, 60, 0, 0, 0, 0, 0, 0, 0, 15, 75
"e:\VSCODE\WORK\bitcoinetf.org\src\features\f-purchases-modal\f-purchases-modal.vue", "Vue", 0, 0, 0, 116, 0, 0, 0, 0, 0, 0, 0, 0, 9, 125
"e:\VSCODE\WORK\bitcoinetf.org\src\features\f-refer-friends\f-refer-friends.scss", "SCSS", 0, 0, 0, 0, 35, 0, 0, 0, 0, 0, 0, 0, 5, 40
"e:\VSCODE\WORK\bitcoinetf.org\src\features\f-refer-friends\f-refer-friends.vue", "Vue", 0, 0, 0, 46, 0, 0, 0, 0, 0, 0, 0, 0, 10, 56
"e:\VSCODE\WORK\bitcoinetf.org\src\features\f-referrals-modal\f-referrals-modal.scss", "SCSS", 0, 0, 0, 0, 58, 0, 0, 0, 0, 0, 0, 6, 14, 78
"e:\VSCODE\WORK\bitcoinetf.org\src\features\f-referrals-modal\f-referrals-modal.vue", "Vue", 0, 0, 0, 145, 0, 0, 0, 0, 0, 0, 0, 0, 21, 166
"e:\VSCODE\WORK\bitcoinetf.org\src\features\f-registration-buy\f-registration-buy.scss", "SCSS", 0, 0, 0, 0, 315, 0, 0, 0, 0, 0, 0, 9, 76, 400
"e:\VSCODE\WORK\bitcoinetf.org\src\features\f-registration-buy\f-registration-buy.vue", "Vue", 0, 0, 0, 755, 0, 0, 0, 0, 0, 0, 0, 14, 154, 923
"e:\VSCODE\WORK\bitcoinetf.org\src\features\f-registration\f-registration.scss", "SCSS", 0, 0, 0, 0, 130, 0, 0, 0, 0, 0, 0, 3, 35, 168
"e:\VSCODE\WORK\bitcoinetf.org\src\features\f-registration\f-registration.vue", "Vue", 0, 0, 0, 710, 0, 0, 0, 0, 0, 0, 0, 36, 130, 876
"e:\VSCODE\WORK\bitcoinetf.org\src\features\f-reset-password\f-reset-password.scss", "SCSS", 0, 0, 0, 0, 65, 0, 0, 0, 0, 0, 0, 1, 14, 80
"e:\VSCODE\WORK\bitcoinetf.org\src\features\f-reset-password\f-reset-password.vue", "Vue", 0, 0, 0, 170, 0, 0, 0, 0, 0, 0, 0, 1, 21, 192
"e:\VSCODE\WORK\bitcoinetf.org\src\features\f-terms-modal\constants.ts", "TypeScript", 0, 0, 0, 0, 0, 263, 0, 0, 0, 0, 0, 0, 1, 264
"e:\VSCODE\WORK\bitcoinetf.org\src\features\f-terms-modal\f-terms-modal.scss", "SCSS", 0, 0, 0, 0, 164, 0, 0, 0, 0, 0, 0, 0, 30, 194
"e:\VSCODE\WORK\bitcoinetf.org\src\features\f-terms-modal\f-terms-modal.vue", "Vue", 0, 0, 0, 109, 0, 0, 0, 0, 0, 0, 0, 0, 9, 118
"e:\VSCODE\WORK\bitcoinetf.org\src\features\f-withdrawal-modal\f-withdrawal-modal.scss", "SCSS", 0, 0, 0, 0, 71, 0, 0, 0, 0, 0, 0, 7, 16, 94
"e:\VSCODE\WORK\bitcoinetf.org\src\features\f-withdrawal-modal\f-withdrawal-modal.vue", "Vue", 0, 0, 0, 190, 0, 0, 0, 0, 0, 0, 0, 0, 28, 218
"e:\VSCODE\WORK\bitcoinetf.org\src\layouts\auth.vue", "Vue", 0, 0, 0, 21, 0, 0, 0, 0, 0, 0, 0, 0, 2, 23
"e:\VSCODE\WORK\bitcoinetf.org\src\layouts\default.vue", "Vue", 0, 0, 0, 124, 0, 0, 0, 0, 0, 0, 0, 0, 24, 148
"e:\VSCODE\WORK\bitcoinetf.org\src\layouts\empty.vue", "Vue", 0, 0, 0, 9, 0, 0, 0, 0, 0, 0, 0, 0, 1, 10
"e:\VSCODE\WORK\bitcoinetf.org\src\layouts\site-dark-launch.vue", "Vue", 0, 0, 0, 66, 0, 0, 0, 0, 0, 0, 0, 0, 15, 81
"e:\VSCODE\WORK\bitcoinetf.org\src\layouts\site-dark.vue", "Vue", 0, 0, 0, 66, 0, 0, 0, 0, 0, 0, 0, 0, 15, 81
"e:\VSCODE\WORK\bitcoinetf.org\src\layouts\site-texts.vue", "Vue", 0, 0, 0, 67, 0, 0, 0, 0, 0, 0, 0, 0, 15, 82
"e:\VSCODE\WORK\bitcoinetf.org\src\layouts\site-tutorials.vue", "Vue", 0, 0, 0, 98, 0, 0, 0, 0, 0, 0, 0, 0, 20, 118
"e:\VSCODE\WORK\bitcoinetf.org\src\layouts\site.vue", "Vue", 0, 0, 0, 10, 0, 0, 0, 0, 0, 0, 0, 0, 3, 13
"e:\VSCODE\WORK\bitcoinetf.org\src\pages\auth\google.vue", "Vue", 0, 0, 0, 46, 0, 0, 0, 0, 0, 0, 0, 0, 10, 56
"e:\VSCODE\WORK\bitcoinetf.org\src\pages\auth\telegram.vue", "Vue", 0, 0, 0, 53, 0, 0, 0, 0, 0, 0, 0, 0, 13, 66
"e:\VSCODE\WORK\bitcoinetf.org\src\pages\bitcoin-education\[slug].vue", "Vue", 0, 0, 0, 54, 0, 0, 0, 0, 0, 0, 0, 0, 4, 58
"e:\VSCODE\WORK\bitcoinetf.org\src\pages\bitcoin-education\index.vue", "Vue", 0, 0, 0, 49, 0, 0, 0, 0, 0, 0, 0, 0, 18, 67
"e:\VSCODE\WORK\bitcoinetf.org\src\pages\blog-single\index.vue", "Vue", 0, 0, 0, 42, 0, 0, 0, 0, 0, 0, 0, 0, 4, 46
"e:\VSCODE\WORK\bitcoinetf.org\src\pages\blog\[slug].vue", "Vue", 0, 0, 0, 57, 0, 0, 0, 0, 0, 0, 0, 0, 6, 63
"e:\VSCODE\WORK\bitcoinetf.org\src\pages\blog\index.vue", "Vue", 0, 0, 0, 37, 0, 0, 0, 0, 0, 0, 0, 0, 12, 49
"e:\VSCODE\WORK\bitcoinetf.org\src\pages\blogs\index.vue", "Vue", 0, 0, 0, 9, 0, 0, 0, 0, 0, 0, 0, 0, 3, 12
"e:\VSCODE\WORK\bitcoinetf.org\src\pages\fund\index.vue", "Vue", 0, 0, 0, 139, 0, 0, 0, 0, 0, 0, 0, 1, 16, 156
"e:\VSCODE\WORK\bitcoinetf.org\src\pages\index.vue", "Vue", 0, 0, 0, 356, 0, 0, 0, 0, 0, 0, 0, 1, 34, 391
"e:\VSCODE\WORK\bitcoinetf.org\src\pages\offers\[slug].vue", "Vue", 0, 0, 0, 58, 0, 0, 0, 0, 0, 0, 0, 0, 4, 62
"e:\VSCODE\WORK\bitcoinetf.org\src\pages\offers\index.vue", "Vue", 0, 0, 0, 78, 0, 0, 0, 0, 0, 0, 0, 0, 13, 91
"e:\VSCODE\WORK\bitcoinetf.org\src\pages\personal\analytics\fund\latest-purchases\index.vue", "Vue", 0, 0, 0, 15, 0, 0, 0, 0, 0, 0, 0, 0, 3, 18
"e:\VSCODE\WORK\bitcoinetf.org\src\pages\personal\analytics\fund\top-shareholders\index.vue", "Vue", 0, 0, 0, 15, 0, 0, 0, 0, 0, 0, 0, 0, 3, 18
"e:\VSCODE\WORK\bitcoinetf.org\src\pages\personal\analytics\performance\latest-trades\index.vue", "Vue", 0, 0, 0, 15, 0, 0, 0, 0, 0, 0, 0, 0, 3, 18
"e:\VSCODE\WORK\bitcoinetf.org\src\pages\personal\analytics\portfolio\latest-activity\index.vue", "Vue", 0, 0, 0, 15, 0, 0, 0, 0, 0, 0, 0, 0, 3, 18
"e:\VSCODE\WORK\bitcoinetf.org\src\pages\personal\asset\[id].vue", "Vue", 0, 0, 0, 8, 0, 0, 0, 0, 0, 0, 0, 0, 2, 10
"e:\VSCODE\WORK\bitcoinetf.org\src\pages\personal\buy-shares\index.vue", "Vue", 0, 0, 0, 6, 0, 0, 0, 0, 0, 0, 0, 0, 2, 8
"e:\VSCODE\WORK\bitcoinetf.org\src\pages\personal\buy-shares\payment\index.vue", "Vue", 0, 0, 0, 11, 0, 0, 0, 0, 0, 0, 0, 0, 4, 15
"e:\VSCODE\WORK\bitcoinetf.org\src\pages\personal\earnings\index.vue", "Vue", 0, 0, 0, 8, 0, 0, 0, 0, 0, 0, 0, 0, 2, 10
"e:\VSCODE\WORK\bitcoinetf.org\src\pages\personal\earnings\statements\index.vue", "Vue", 0, 0, 0, 9, 0, 0, 0, 0, 0, 0, 0, 0, 3, 12
"e:\VSCODE\WORK\bitcoinetf.org\src\pages\personal\kyc.vue", "Vue", 0, 0, 0, 6, 0, 0, 0, 0, 0, 0, 0, 0, 2, 8
"e:\VSCODE\WORK\bitcoinetf.org\src\pages\personal\login.vue", "Vue", 0, 0, 0, 9, 0, 0, 0, 0, 0, 0, 0, 0, 3, 12
"e:\VSCODE\WORK\bitcoinetf.org\src\pages\personal\more\change-pass.vue", "Vue", 0, 0, 0, 9, 0, 0, 0, 0, 0, 0, 0, 0, 3, 12
"e:\VSCODE\WORK\bitcoinetf.org\src\pages\personal\more\display-currency.vue", "Vue", 0, 0, 0, 6, 0, 0, 0, 0, 0, 0, 0, 0, 2, 8
"e:\VSCODE\WORK\bitcoinetf.org\src\pages\personal\more\index.vue", "Vue", 0, 0, 0, 25, 0, 0, 0, 0, 0, 0, 0, 0, 6, 31
"e:\VSCODE\WORK\bitcoinetf.org\src\pages\personal\more\personal-details.vue", "Vue", 0, 0, 0, 7, 0, 0, 0, 0, 0, 0, 0, 0, 3, 10
"e:\VSCODE\WORK\bitcoinetf.org\src\pages\personal\more\theme.vue", "Vue", 0, 0, 0, 6, 0, 0, 0, 0, 0, 0, 0, 0, 2, 8
"e:\VSCODE\WORK\bitcoinetf.org\src\pages\personal\purchase.vue", "Vue", 0, 0, 0, 6, 0, 0, 0, 0, 0, 0, 0, 0, 4, 10
"e:\VSCODE\WORK\bitcoinetf.org\src\pages\personal\purchaseb.vue", "Vue", 0, 0, 0, 29, 0, 0, 0, 0, 0, 0, 0, 0, 5, 34
"e:\VSCODE\WORK\bitcoinetf.org\src\pages\personal\registration.vue", "Vue", 0, 0, 0, 9, 0, 0, 0, 0, 0, 0, 0, 0, 3, 12
"e:\VSCODE\WORK\bitcoinetf.org\src\pages\personal\reset.vue", "Vue", 0, 0, 0, 9, 0, 0, 0, 0, 0, 0, 0, 0, 3, 12
"e:\VSCODE\WORK\bitcoinetf.org\src\pages\personal\support\index.vue", "Vue", 0, 0, 0, 13, 0, 0, 0, 0, 0, 0, 0, 0, 1, 14
"e:\VSCODE\WORK\bitcoinetf.org\src\pages\privacy\index.vue", "Vue", 0, 0, 0, 15, 0, 0, 0, 0, 0, 0, 0, 0, 4, 19
"e:\VSCODE\WORK\bitcoinetf.org\src\pages\purchaseb.vue", "Vue", 0, 0, 0, 29, 0, 0, 0, 0, 0, 0, 0, 0, 5, 34
"e:\VSCODE\WORK\bitcoinetf.org\src\pages\referrals\index.vue", "Vue", 0, 0, 0, 133, 0, 0, 0, 0, 0, 0, 0, 0, 17, 150
"e:\VSCODE\WORK\bitcoinetf.org\src\pages\terms\index.vue", "Vue", 0, 0, 0, 15, 0, 0, 0, 0, 0, 0, 0, 0, 4, 19
"e:\VSCODE\WORK\bitcoinetf.org\src\pages\tetherspecial\index.vue", "Vue", 0, 0, 0, 16, 0, 0, 0, 0, 0, 0, 0, 0, 5, 21
"e:\VSCODE\WORK\bitcoinetf.org\src\pages\tutorials\index.vue", "Vue", 0, 0, 0, 121, 0, 0, 0, 0, 0, 0, 0, 0, 26, 147
"e:\VSCODE\WORK\bitcoinetf.org\src\pages\verification\index.vue", "Vue", 0, 0, 0, 46, 0, 0, 0, 0, 0, 0, 0, 0, 9, 55
"e:\VSCODE\WORK\bitcoinetf.org\src\pages\weloverussia\index.vue", "Vue", 0, 0, 0, 48, 0, 0, 0, 0, 0, 0, 0, 0, 4, 52
"e:\VSCODE\WORK\bitcoinetf.org\src\shared\api\apiPack.ts", "TypeScript", 0, 0, 0, 0, 0, 21, 0, 0, 0, 0, 0, 0, 5, 26
"e:\VSCODE\WORK\bitcoinetf.org\src\shared\api\ethPack.ts", "TypeScript", 0, 0, 0, 0, 0, 30, 0, 0, 0, 0, 0, 0, 3, 33
"e:\VSCODE\WORK\bitcoinetf.org\src\shared\api\eth\auth\authApiModule.ts", "TypeScript", 0, 0, 0, 0, 0, 409, 0, 0, 0, 0, 0, 1, 56, 466
"e:\VSCODE\WORK\bitcoinetf.org\src\shared\api\eth\billingEth\billingEthApiModule.ts", "TypeScript", 0, 0, 0, 0, 0, 278, 0, 0, 0, 0, 0, 0, 35, 313
"e:\VSCODE\WORK\bitcoinetf.org\src\shared\api\eth\kyc\kycApiModule.ts", "TypeScript", 0, 0, 0, 0, 0, 115, 0, 0, 0, 0, 0, 0, 15, 130
"e:\VSCODE\WORK\bitcoinetf.org\src\shared\api\eth\news\newsApiModule.ts", "TypeScript", 0, 0, 0, 0, 0, 169, 0, 0, 0, 0, 0, 1, 23, 193
"e:\VSCODE\WORK\bitcoinetf.org\src\shared\api\eth\pages\pagesApiModule.ts", "TypeScript", 0, 0, 0, 0, 0, 30, 0, 0, 0, 0, 0, 0, 5, 35
"e:\VSCODE\WORK\bitcoinetf.org\src\shared\api\eth\referral\referralApiModule.ts", "TypeScript", 0, 0, 0, 0, 0, 52, 0, 0, 0, 0, 0, 0, 7, 59
"e:\VSCODE\WORK\bitcoinetf.org\src\shared\api\eth\statisticEth\statisticEthApiModule.ts", "TypeScript", 0, 0, 0, 0, 0, 135, 0, 0, 0, 0, 0, 0, 18, 153
"e:\VSCODE\WORK\bitcoinetf.org\src\shared\api\infoPack.ts", "TypeScript", 0, 0, 0, 0, 0, 24, 0, 0, 0, 0, 0, 0, 3, 27
"e:\VSCODE\WORK\bitcoinetf.org\src\shared\api\info\billing\billingApiModule.ts", "TypeScript", 0, 0, 0, 0, 0, 35, 0, 0, 0, 0, 0, 0, 5, 40
"e:\VSCODE\WORK\bitcoinetf.org\src\shared\api\info\blockchainProxy\blockchainProxyApiModule.ts", "TypeScript", 0, 0, 0, 0, 0, 36, 0, 0, 0, 0, 0, 0, 5, 41
"e:\VSCODE\WORK\bitcoinetf.org\src\shared\api\info\event\eventApiModule.ts", "TypeScript", 0, 0, 0, 0, 0, 111, 0, 0, 0, 0, 0, 0, 17, 128
"e:\VSCODE\WORK\bitcoinetf.org\src\shared\api\info\fund\fundApiModule.ts", "TypeScript", 0, 0, 0, 0, 0, 46, 0, 0, 0, 0, 0, 0, 7, 53
"e:\VSCODE\WORK\bitcoinetf.org\src\shared\api\info\statistic\statisticApiModule.ts", "TypeScript", 0, 0, 0, 0, 0, 50, 0, 0, 0, 0, 0, 0, 9, 59
"e:\VSCODE\WORK\bitcoinetf.org\src\shared\constants\api.ts", "TypeScript", 0, 0, 0, 0, 0, 4, 0, 0, 0, 0, 0, 0, 1, 5
"e:\VSCODE\WORK\bitcoinetf.org\src\shared\constants\breakpoints.ts", "TypeScript", 0, 0, 0, 0, 0, 6, 0, 0, 0, 0, 0, 0, 1, 7
"e:\VSCODE\WORK\bitcoinetf.org\src\shared\constants\ethCodes.ts", "TypeScript", 0, 0, 0, 0, 0, 15, 0, 0, 0, 0, 0, 0, 2, 17
"e:\VSCODE\WORK\bitcoinetf.org\src\shared\constants\global.ts", "TypeScript", 0, 0, 0, 0, 0, 12, 0, 0, 0, 0, 0, 0, 3, 15
"e:\VSCODE\WORK\bitcoinetf.org\src\shared\constants\httpMethods.ts", "TypeScript", 0, 0, 0, 0, 0, 11, 0, 0, 0, 0, 0, 35, 9, 55
"e:\VSCODE\WORK\bitcoinetf.org\src\shared\constants\httpStatusCodes.ts", "TypeScript", 0, 0, 0, 0, 0, 63, 0, 0, 0, 0, 0, 253, 61, 377
"e:\VSCODE\WORK\bitcoinetf.org\src\shared\constants\icons.ts", "TypeScript", 0, 0, 0, 0, 0, 310, 0, 0, 0, 0, 0, 1, 1, 312
"e:\VSCODE\WORK\bitcoinetf.org\src\shared\constants\keyCodes.ts", "TypeScript", 0, 0, 0, 0, 0, 3, 0, 0, 0, 0, 0, 0, 2, 5
"e:\VSCODE\WORK\bitcoinetf.org\src\shared\constants\phoneCountryCodes.ts", "TypeScript", 0, 0, 0, 0, 0, 316, 0, 0, 0, 0, 0, 0, 4, 320
"e:\VSCODE\WORK\bitcoinetf.org\src\shared\constants\phoneNumberSettings.ts", "TypeScript", 0, 0, 0, 0, 0, 3, 0, 0, 0, 0, 0, 0, 1, 4
"e:\VSCODE\WORK\bitcoinetf.org\src\shared\constants\signupMethods.ts", "TypeScript", 0, 0, 0, 0, 0, 7, 0, 0, 0, 0, 0, 0, 1, 8
"e:\VSCODE\WORK\bitcoinetf.org\src\shared\directives\v-phone-number.ts", "TypeScript", 0, 0, 0, 0, 0, 76, 0, 0, 0, 0, 0, 4, 26, 106
"e:\VSCODE\WORK\bitcoinetf.org\src\shared\helpers\convertSecondsToHours.ts", "TypeScript", 0, 0, 0, 0, 0, 15, 0, 0, 0, 0, 0, 0, 2, 17
"e:\VSCODE\WORK\bitcoinetf.org\src\shared\helpers\device.ts", "TypeScript", 0, 0, 0, 0, 0, 30, 0, 0, 0, 0, 0, 4, 7, 41
"e:\VSCODE\WORK\bitcoinetf.org\src\shared\toolkit\apiErrorFlow.ts", "TypeScript", 0, 0, 0, 0, 0, 14, 0, 0, 0, 0, 0, 0, 4, 18
"e:\VSCODE\WORK\bitcoinetf.org\src\shared\toolkit\filters.ts", "TypeScript", 0, 0, 0, 0, 0, 232, 0, 0, 0, 0, 0, 3, 78, 313
"e:\VSCODE\WORK\bitcoinetf.org\src\shared\toolkit\stopwatch.ts", "TypeScript", 0, 0, 0, 0, 0, 15, 0, 0, 0, 0, 0, 0, 5, 20
"e:\VSCODE\WORK\bitcoinetf.org\src\shared\toolkit\validator.ts", "TypeScript", 0, 0, 0, 0, 0, 49, 0, 0, 0, 0, 0, 2, 7, 58
"e:\VSCODE\WORK\bitcoinetf.org\src\shared\types\global.ts", "TypeScript", 0, 0, 0, 0, 0, 29, 0, 0, 0, 0, 0, 0, 5, 34
"e:\VSCODE\WORK\bitcoinetf.org\src\shared\types\inversifyTypes.ts", "TypeScript", 0, 0, 0, 0, 0, 24, 0, 0, 0, 0, 0, 1, 2, 27
"e:\VSCODE\WORK\bitcoinetf.org\src\shared\ui\atoms\a-avatar\a-avatar.scss", "SCSS", 0, 0, 0, 0, 57, 0, 0, 0, 0, 0, 0, 1, 7, 65
"e:\VSCODE\WORK\bitcoinetf.org\src\shared\ui\atoms\a-avatar\a-avatar.vue", "Vue", 0, 0, 0, 36, 0, 0, 0, 0, 0, 0, 0, 0, 5, 41
"e:\VSCODE\WORK\bitcoinetf.org\src\shared\ui\atoms\a-button\a-button.scss", "SCSS", 0, 0, 0, 0, 123, 0, 0, 0, 0, 0, 0, 0, 30, 153
"e:\VSCODE\WORK\bitcoinetf.org\src\shared\ui\atoms\a-button\a-button.vue", "Vue", 0, 0, 0, 87, 0, 0, 0, 0, 0, 0, 0, 0, 11, 98
"e:\VSCODE\WORK\bitcoinetf.org\src\shared\ui\atoms\a-carousel-control\a-carousel-control.scss", "SCSS", 0, 0, 0, 0, 52, 0, 0, 0, 0, 0, 0, 0, 10, 62
"e:\VSCODE\WORK\bitcoinetf.org\src\shared\ui\atoms\a-carousel-control\a-carousel-control.vue", "Vue", 0, 0, 0, 48, 0, 0, 0, 0, 0, 0, 0, 0, 8, 56
"e:\VSCODE\WORK\bitcoinetf.org\src\shared\ui\atoms\a-checkbox\a-checkbox.scss", "SCSS", 0, 0, 0, 0, 83, 0, 0, 0, 0, 0, 0, 0, 14, 97
"e:\VSCODE\WORK\bitcoinetf.org\src\shared\ui\atoms\a-checkbox\a-checkbox.vue", "Vue", 0, 0, 0, 130, 0, 0, 0, 0, 0, 0, 0, 0, 22, 152
"e:\VSCODE\WORK\bitcoinetf.org\src\shared\ui\atoms\a-icon\a-icon.scss", "SCSS", 0, 0, 0, 0, 6, 0, 0, 0, 0, 0, 0, 0, 1, 7
"e:\VSCODE\WORK\bitcoinetf.org\src\shared\ui\atoms\a-icon\a-icon.vue", "Vue", 0, 0, 0, 62, 0, 0, 0, 0, 0, 0, 0, 0, 12, 74
"e:\VSCODE\WORK\bitcoinetf.org\src\shared\ui\atoms\a-input-phone-country\a-input-phone-country.scss", "SCSS", 0, 0, 0, 0, 295, 0, 0, 0, 0, 0, 0, 4, 81, 380
"e:\VSCODE\WORK\bitcoinetf.org\src\shared\ui\atoms\a-input-phone-country\a-input-phone-country.vue", "Vue", 0, 0, 0, 37, 0, 0, 0, 0, 0, 0, 0, 0, 8, 45
"e:\VSCODE\WORK\bitcoinetf.org\src\shared\ui\atoms\a-input-with-button\a-input-with-button.scss", "SCSS", 0, 0, 0, 0, 303, 0, 0, 0, 0, 0, 0, 6, 84, 393
"e:\VSCODE\WORK\bitcoinetf.org\src\shared\ui\atoms\a-input-with-button\a-input-with-button.vue", "Vue", 0, 0, 0, 495, 0, 0, 0, 0, 0, 0, 0, 3, 71, 569
"e:\VSCODE\WORK\bitcoinetf.org\src\shared\ui\atoms\a-input\a-input.scss", "SCSS", 0, 0, 0, 0, 319, 0, 0, 0, 0, 0, 0, 7, 74, 400
"e:\VSCODE\WORK\bitcoinetf.org\src\shared\ui\atoms\a-input\a-input.vue", "Vue", 0, 0, 0, 483, 0, 0, 0, 0, 0, 0, 0, 3, 60, 546
"e:\VSCODE\WORK\bitcoinetf.org\src\shared\ui\atoms\a-live\a-live.scss", "SCSS", 0, 0, 0, 0, 29, 0, 0, 0, 0, 0, 0, 1, 9, 39
"e:\VSCODE\WORK\bitcoinetf.org\src\shared\ui\atoms\a-live\a-live.vue", "Vue", 0, 0, 0, 7, 0, 0, 0, 0, 0, 0, 0, 0, 3, 10
"e:\VSCODE\WORK\bitcoinetf.org\src\shared\ui\atoms\a-pagination\a-pagination.scss", "SCSS", 0, 0, 0, 0, 37, 0, 0, 0, 0, 0, 0, 0, 6, 43
"e:\VSCODE\WORK\bitcoinetf.org\src\shared\ui\atoms\a-pagination\a-pagination.vue", "Vue", 0, 0, 0, 135, 0, 0, 0, 0, 0, 0, 0, 0, 35, 170
"e:\VSCODE\WORK\bitcoinetf.org\src\shared\ui\atoms\a-pincode-input\a-pincode-input.scss", "SCSS", 0, 0, 0, 0, 130, 0, 0, 0, 0, 0, 0, 0, 20, 150
"e:\VSCODE\WORK\bitcoinetf.org\src\shared\ui\atoms\a-pincode-input\a-pincode-input.vue", "Vue", 0, 0, 0, 207, 0, 0, 0, 0, 0, 0, 0, 0, 25, 232
"e:\VSCODE\WORK\bitcoinetf.org\src\shared\ui\atoms\a-progressbar\a-progressbar.scss", "SCSS", 0, 0, 0, 0, 35, 0, 0, 0, 0, 0, 0, 0, 8, 43
"e:\VSCODE\WORK\bitcoinetf.org\src\shared\ui\atoms\a-progressbar\a-progressbar.vue", "Vue", 0, 0, 0, 138, 0, 0, 0, 0, 0, 0, 0, 0, 28, 166
"e:\VSCODE\WORK\bitcoinetf.org\src\shared\ui\atoms\a-radio\a-radio.scss", "SCSS", 0, 0, 0, 0, 90, 0, 0, 0, 0, 0, 0, 0, 19, 109
"e:\VSCODE\WORK\bitcoinetf.org\src\shared\ui\atoms\a-radio\a-radio.vue", "Vue", 0, 0, 0, 123, 0, 0, 0, 0, 0, 0, 0, 0, 21, 144
"e:\VSCODE\WORK\bitcoinetf.org\src\shared\ui\atoms\a-snackbar\a-snackbar.scss", "SCSS", 0, 0, 0, 0, 37, 0, 0, 0, 0, 0, 0, 0, 6, 43
"e:\VSCODE\WORK\bitcoinetf.org\src\shared\ui\atoms\a-snackbar\a-snackbar.vue", "Vue", 0, 0, 0, 24, 0, 0, 0, 0, 0, 0, 0, 0, 5, 29
"e:\VSCODE\WORK\bitcoinetf.org\src\shared\ui\atoms\a-social-sharing\a-social-sharing.vue", "Vue", 0, 0, 0, 265, 0, 0, 0, 0, 0, 0, 0, 0, 43, 308
"e:\VSCODE\WORK\bitcoinetf.org\src\shared\ui\atoms\a-switch\a-switch.scss", "SCSS", 0, 0, 0, 0, 98, 0, 0, 0, 0, 0, 0, 0, 18, 116
"e:\VSCODE\WORK\bitcoinetf.org\src\shared\ui\atoms\a-switch\a-switch.vue", "Vue", 0, 0, 0, 79, 0, 0, 0, 0, 0, 0, 0, 0, 13, 92
"e:\VSCODE\WORK\bitcoinetf.org\src\shared\ui\atoms\a-tooltip\a-tooltip.scss", "SCSS", 0, 0, 0, 0, 134, 0, 0, 0, 0, 0, 0, 8, 24, 166
"e:\VSCODE\WORK\bitcoinetf.org\src\shared\ui\atoms\a-tooltip\a-tooltip.vue", "Vue", 0, 0, 0, 151, 0, 0, 0, 0, 0, 0, 0, 0, 20, 171
"e:\VSCODE\WORK\bitcoinetf.org\src\shared\ui\molecules\m-accordion\m-accordion.scss", "SCSS", 0, 0, 0, 0, 94, 0, 0, 0, 0, 0, 0, 0, 24, 118
"e:\VSCODE\WORK\bitcoinetf.org\src\shared\ui\molecules\m-accordion\m-accordion.vue", "Vue", 0, 0, 0, 117, 0, 0, 0, 0, 0, 0, 0, 0, 15, 132
"e:\VSCODE\WORK\bitcoinetf.org\src\shared\ui\molecules\m-asset\m-asset.scss", "SCSS", 0, 0, 0, 0, 59, 0, 0, 0, 0, 0, 0, 0, 10, 69
"e:\VSCODE\WORK\bitcoinetf.org\src\shared\ui\molecules\m-asset\m-asset.vue", "Vue", 0, 0, 0, 73, 0, 0, 0, 0, 0, 0, 0, 0, 7, 80
"e:\VSCODE\WORK\bitcoinetf.org\src\shared\ui\molecules\m-deal\m-deal.scss", "SCSS", 0, 0, 0, 0, 220, 0, 0, 0, 0, 0, 0, 0, 39, 259
"e:\VSCODE\WORK\bitcoinetf.org\src\shared\ui\molecules\m-deal\m-deal.vue", "Vue", 0, 0, 0, 214, 0, 0, 0, 0, 0, 0, 0, 1, 27, 242
"e:\VSCODE\WORK\bitcoinetf.org\src\shared\ui\molecules\m-dropfile\m-dropfile.scss", "SCSS", 0, 0, 0, 0, 54, 0, 0, 0, 0, 0, 0, 0, 10, 64
"e:\VSCODE\WORK\bitcoinetf.org\src\shared\ui\molecules\m-dropfile\m-dropfile.vue", "Vue", 0, 0, 0, 91, 0, 0, 0, 0, 0, 0, 0, 0, 14, 105
"e:\VSCODE\WORK\bitcoinetf.org\src\shared\ui\molecules\m-loading\m-loading.scss", "SCSS", 0, 0, 0, 0, 39, 0, 0, 0, 0, 0, 0, 0, 2, 41
"e:\VSCODE\WORK\bitcoinetf.org\src\shared\ui\molecules\m-loading\m-loading.vue", "Vue", 0, 0, 0, 114, 0, 0, 0, 0, 0, 0, 0, 0, 20, 134
"e:\VSCODE\WORK\bitcoinetf.org\src\shared\ui\molecules\m-modal-mobile\m-modal-mobile.vue", "Vue", 0, 0, 0, 367, 0, 0, 0, 0, 0, 0, 0, 0, 55, 422
"e:\VSCODE\WORK\bitcoinetf.org\src\shared\ui\molecules\m-modal\m-modal.scss", "SCSS", 0, 0, 0, 0, 140, 0, 0, 0, 0, 0, 0, 2, 35, 177
"e:\VSCODE\WORK\bitcoinetf.org\src\shared\ui\molecules\m-modal\m-modal.vue", "Vue", 0, 0, 0, 119, 0, 0, 0, 0, 0, 0, 0, 0, 21, 140
"e:\VSCODE\WORK\bitcoinetf.org\src\shared\ui\molecules\m-popper\m-popper.scss", "SCSS", 0, 0, 0, 0, 66, 0, 0, 0, 0, 0, 0, 0, 14, 80
"e:\VSCODE\WORK\bitcoinetf.org\src\shared\ui\molecules\m-popper\m-popper.vue", "Vue", 0, 0, 0, 50, 0, 0, 0, 0, 0, 0, 0, 0, 4, 54
"e:\VSCODE\WORK\bitcoinetf.org\src\shared\ui\molecules\m-profit-calculator-new\m-profit-calculator-new.scss", "SCSS", 0, 0, 0, 0, 287, 0, 0, 0, 0, 0, 0, 21, 78, 386
"e:\VSCODE\WORK\bitcoinetf.org\src\shared\ui\molecules\m-profit-calculator-new\m-profit-calculator-new.vue", "Vue", 0, 0, 0, 295, 0, 0, 0, 0, 0, 0, 0, 10, 61, 366
"e:\VSCODE\WORK\bitcoinetf.org\src\shared\ui\molecules\m-profit-calculator\m-profit-calculator.scss", "SCSS", 0, 0, 0, 0, 347, 0, 0, 0, 0, 0, 0, 1, 47, 395
"e:\VSCODE\WORK\bitcoinetf.org\src\shared\ui\molecules\m-profit-calculator\m-profit-calculator.vue", "Vue", 0, 0, 0, 205, 0, 0, 0, 0, 0, 0, 0, 0, 10, 215
"e:\VSCODE\WORK\bitcoinetf.org\src\shared\ui\molecules\m-select\m-select.scss", "SCSS", 0, 0, 0, 0, 198, 0, 0, 0, 0, 0, 0, 0, 42, 240
"e:\VSCODE\WORK\bitcoinetf.org\src\shared\ui\molecules\m-select\m-select.vue", "Vue", 0, 0, 0, 543, 0, 0, 0, 0, 0, 0, 0, 1, 44, 588
"e:\VSCODE\WORK\bitcoinetf.org\src\shared\ui\molecules\m-slider\m-slider.scss", "SCSS", 0, 0, 0, 0, 101, 0, 0, 0, 0, 0, 0, 3, 22, 126
"e:\VSCODE\WORK\bitcoinetf.org\src\shared\ui\molecules\m-slider\m-slider.vue", "Vue", 0, 0, 0, 202, 0, 0, 0, 0, 0, 0, 0, 0, 28, 230
"e:\VSCODE\WORK\bitcoinetf.org\src\shared\ui\molecules\m-snackbars\m-snackbars.scss", "SCSS", 0, 0, 0, 0, 37, 0, 0, 0, 0, 0, 0, 0, 8, 45
"e:\VSCODE\WORK\bitcoinetf.org\src\shared\ui\molecules\m-snackbars\m-snackbars.vue", "Vue", 0, 0, 0, 24, 0, 0, 0, 0, 0, 0, 0, 0, 5, 29
"e:\VSCODE\WORK\bitcoinetf.org\src\shared\ui\molecules\m-stepper\m-stepper.scss", "SCSS", 0, 0, 0, 0, 24, 0, 0, 0, 0, 0, 0, 0, 5, 29
"e:\VSCODE\WORK\bitcoinetf.org\src\shared\ui\molecules\m-stepper\m-stepper.vue", "Vue", 0, 0, 0, 33, 0, 0, 0, 0, 0, 0, 0, 0, 6, 39
"e:\VSCODE\WORK\bitcoinetf.org\src\shared\ui\promolandings\landing-calculation-new\landing-calculation-new.scss", "SCSS", 0, 0, 0, 0, 427, 0, 0, 0, 0, 0, 0, 11, 41, 479
"e:\VSCODE\WORK\bitcoinetf.org\src\shared\ui\promolandings\landing-calculation-new\landing-calculation-new.vue", "Vue", 0, 0, 0, 769, 0, 0, 0, 0, 0, 0, 0, 3, 143, 915
"e:\VSCODE\WORK\bitcoinetf.org\src\shared\ui\promolandings\landing-calculation\landing-calculation.scss", "SCSS", 0, 0, 0, 0, 299, 0, 0, 0, 0, 0, 0, 1, 2, 302
"e:\VSCODE\WORK\bitcoinetf.org\src\shared\ui\promolandings\landing-calculation\landing-calculation.vue", "Vue", 0, 0, 0, 176, 0, 0, 0, 0, 0, 0, 0, 0, 18, 194
"e:\VSCODE\WORK\bitcoinetf.org\src\shared\ui\promolandings\landing-promo-new\landing-promo-new.scss", "SCSS", 0, 0, 0, 0, 103, 0, 0, 0, 0, 0, 0, 0, 2, 105
"e:\VSCODE\WORK\bitcoinetf.org\src\shared\ui\promolandings\landing-promo-new\landing-promo-new.vue", "Vue", 0, 0, 0, 38, 0, 0, 0, 0, 0, 0, 0, 0, 8, 46
"e:\VSCODE\WORK\bitcoinetf.org\src\shared\ui\promolandings\landing-promo\landing-promo.scss", "SCSS", 0, 0, 0, 0, 103, 0, 0, 0, 0, 0, 0, 0, 2, 105
"e:\VSCODE\WORK\bitcoinetf.org\src\shared\ui\promolandings\landing-promo\landing-promo.vue", "Vue", 0, 0, 0, 38, 0, 0, 0, 0, 0, 0, 0, 0, 8, 46
"e:\VSCODE\WORK\bitcoinetf.org\src\shared\ui\promolandings\landing-registration\landing-registration.scss", "SCSS", 0, 0, 0, 0, 121, 0, 0, 0, 0, 0, 0, 0, 1, 122
"e:\VSCODE\WORK\bitcoinetf.org\src\shared\ui\promolandings\landing-registration\landing-registration.vue", "Vue", 0, 0, 0, 234, 0, 0, 0, 0, 0, 0, 0, 0, 14, 248
"e:\VSCODE\WORK\bitcoinetf.org\src\shared\ui\site\molecules\m-banner\m-banner.scss", "SCSS", 0, 0, 0, 0, 44, 0, 0, 0, 0, 0, 0, 0, 7, 51
"e:\VSCODE\WORK\bitcoinetf.org\src\shared\ui\site\molecules\m-banner\m-banner.vue", "Vue", 0, 0, 0, 66, 0, 0, 0, 0, 0, 0, 0, 0, 8, 74
"e:\VSCODE\WORK\bitcoinetf.org\src\shared\ui\site\molecules\m-news\m-news.scss", "SCSS", 0, 0, 0, 0, 46, 0, 0, 0, 0, 0, 0, 0, 6, 52
"e:\VSCODE\WORK\bitcoinetf.org\src\shared\ui\site\molecules\m-news\m-news.vue", "Vue", 0, 0, 0, 57, 0, 0, 0, 0, 0, 0, 0, 0, 4, 61
"e:\VSCODE\WORK\bitcoinetf.org\src\shared\ui\site\molecules\m-scroll-navigation\m-scroll-navigation.scss", "SCSS", 0, 0, 0, 0, 45, 0, 0, 0, 0, 0, 0, 0, 5, 50
"e:\VSCODE\WORK\bitcoinetf.org\src\shared\ui\site\molecules\m-scroll-navigation\m-scroll-navigation.vue", "Vue", 0, 0, 0, 50, 0, 0, 0, 0, 0, 0, 0, 0, 4, 54
"e:\VSCODE\WORK\bitcoinetf.org\src\shared\ui\site\molecules\m-site-blog\m-site-blog.scss", "SCSS", 0, 0, 0, 0, 63, 0, 0, 0, 0, 0, 0, 0, 8, 71
"e:\VSCODE\WORK\bitcoinetf.org\src\shared\ui\site\molecules\m-site-blog\m-site-blog.vue", "Vue", 0, 0, 0, 33, 0, 0, 0, 0, 0, 0, 0, 0, 4, 37
"e:\VSCODE\WORK\bitcoinetf.org\src\shared\ui\site\molecules\m-site-sidebar\m-site-sidebar.scss", "SCSS", 0, 0, 0, 0, 70, 0, 0, 0, 0, 0, 0, 1, 14, 85
"e:\VSCODE\WORK\bitcoinetf.org\src\shared\ui\site\molecules\m-site-sidebar\m-site-sidebar.vue", "Vue", 0, 0, 0, 55, 0, 0, 0, 0, 0, 0, 0, 0, 10, 65
"e:\VSCODE\WORK\bitcoinetf.org\src\shared\ui\site\molecules\m-site-tabs\m-site-tabs.scss", "SCSS", 0, 0, 0, 0, 22, 0, 0, 0, 0, 0, 0, 0, 4, 26
"e:\VSCODE\WORK\bitcoinetf.org\src\shared\ui\site\molecules\m-site-tabs\m-site-tabs.vue", "Vue", 0, 0, 0, 29, 0, 0, 0, 0, 0, 0, 0, 0, 7, 36
"e:\VSCODE\WORK\bitcoinetf.org\src\shared\ui\site\sections\s-site-act\s-site-act.scss", "SCSS", 0, 0, 0, 0, 298, 0, 0, 0, 0, 0, 0, 0, 51, 349
"e:\VSCODE\WORK\bitcoinetf.org\src\shared\ui\site\sections\s-site-act\s-site-act.vue", "Vue", 0, 0, 0, 51, 0, 0, 0, 0, 0, 0, 0, 0, 6, 57
"e:\VSCODE\WORK\bitcoinetf.org\src\shared\ui\site\sections\s-site-banner\s-site-banner.scss", "SCSS", 0, 0, 0, 0, 11, 0, 0, 0, 0, 0, 0, 0, 3, 14
"e:\VSCODE\WORK\bitcoinetf.org\src\shared\ui\site\sections\s-site-banner\s-site-banner.vue", "Vue", 0, 0, 0, 22, 0, 0, 0, 0, 0, 0, 0, 0, 4, 26
"e:\VSCODE\WORK\bitcoinetf.org\src\shared\ui\site\sections\s-site-bitcoin-education\s-site-bitcoin-education.scss", "SCSS", 0, 0, 0, 0, 28, 0, 0, 0, 0, 0, 0, 0, 6, 34
"e:\VSCODE\WORK\bitcoinetf.org\src\shared\ui\site\sections\s-site-bitcoin-education\s-site-bitcoin-education.vue", "Vue", 0, 0, 0, 26, 0, 0, 0, 0, 0, 0, 0, 0, 4, 30
"e:\VSCODE\WORK\bitcoinetf.org\src\shared\ui\site\sections\s-site-blog-detail\s-site-blog-detail.scss", "SCSS", 0, 0, 0, 0, 141, 0, 0, 0, 0, 0, 0, 2, 26, 169
"e:\VSCODE\WORK\bitcoinetf.org\src\shared\ui\site\sections\s-site-blog-detail\s-site-blog-detail.vue", "Vue", 0, 0, 0, 36, 0, 0, 0, 0, 0, 0, 0, 0, 4, 40
"e:\VSCODE\WORK\bitcoinetf.org\src\shared\ui\site\sections\s-site-blogs-education\s-site-blogs-education.scss", "SCSS", 0, 0, 0, 0, 37, 0, 0, 0, 0, 0, 0, 5, 11, 53
"e:\VSCODE\WORK\bitcoinetf.org\src\shared\ui\site\sections\s-site-blogs-education\s-site-blogs-education.vue", "Vue", 0, 0, 0, 40, 0, 0, 0, 0, 0, 0, 0, 0, 6, 46
"e:\VSCODE\WORK\bitcoinetf.org\src\shared\ui\site\sections\s-site-blogs\s-site-blogs.scss", "SCSS", 0, 0, 0, 0, 37, 0, 0, 0, 0, 0, 0, 84, 11, 132
"e:\VSCODE\WORK\bitcoinetf.org\src\shared\ui\site\sections\s-site-blogs\s-site-blogs.vue", "Vue", 0, 0, 0, 30, 0, 0, 0, 0, 0, 0, 0, 1, 4, 35
"e:\VSCODE\WORK\bitcoinetf.org\src\shared\ui\site\sections\s-site-earnings\s-site-earnings.scss", "SCSS", 0, 0, 0, 0, 236, 0, 0, 0, 0, 0, 0, 12, 48, 296
"e:\VSCODE\WORK\bitcoinetf.org\src\shared\ui\site\sections\s-site-earnings\s-site-earnings.vue", "Vue", 0, 0, 0, 46, 0, 0, 0, 0, 0, 0, 0, 0, 6, 52
"e:\VSCODE\WORK\bitcoinetf.org\src\shared\ui\site\sections\s-site-footer-new\s-site-footer-new.scss", "SCSS", 0, 0, 0, 0, 327, 0, 0, 0, 0, 0, 0, 4, 61, 392
"e:\VSCODE\WORK\bitcoinetf.org\src\shared\ui\site\sections\s-site-footer-new\s-site-footer-new.vue", "Vue", 0, 0, 0, 152, 0, 0, 0, 0, 0, 0, 0, 0, 11, 163
"e:\VSCODE\WORK\bitcoinetf.org\src\shared\ui\site\sections\s-site-footer\s-site-footer.scss", "SCSS", 0, 0, 0, 0, 308, 0, 0, 0, 0, 0, 0, 0, 57, 365
"e:\VSCODE\WORK\bitcoinetf.org\src\shared\ui\site\sections\s-site-footer\s-site-footer.vue", "Vue", 0, 0, 0, 146, 0, 0, 0, 0, 0, 0, 0, 0, 10, 156
"e:\VSCODE\WORK\bitcoinetf.org\src\shared\ui\site\sections\s-site-fund-ceo\s-site-fund-ceo.scss", "SCSS", 0, 0, 0, 0, 190, 0, 0, 0, 0, 0, 0, 0, 35, 225
"e:\VSCODE\WORK\bitcoinetf.org\src\shared\ui\site\sections\s-site-fund-ceo\s-site-fund-ceo.vue", "Vue", 0, 0, 0, 37, 0, 0, 0, 0, 0, 0, 0, 6, 4, 47
"e:\VSCODE\WORK\bitcoinetf.org\src\shared\ui\site\sections\s-site-fund-main\s-site-fund-main.scss", "SCSS", 0, 0, 0, 0, 117, 0, 0, 0, 0, 0, 0, 0, 23, 140
"e:\VSCODE\WORK\bitcoinetf.org\src\shared\ui\site\sections\s-site-fund-main\s-site-fund-main.vue", "Vue", 0, 0, 0, 34, 0, 0, 0, 0, 0, 0, 0, 0, 4, 38
"e:\VSCODE\WORK\bitcoinetf.org\src\shared\ui\site\sections\s-site-fund-vision\s-site-fund-vision.scss", "SCSS", 0, 0, 0, 0, 242, 0, 0, 0, 0, 0, 0, 0, 40, 282
"e:\VSCODE\WORK\bitcoinetf.org\src\shared\ui\site\sections\s-site-fund-vision\s-site-fund-vision.vue", "Vue", 0, 0, 0, 81, 0, 0, 0, 0, 0, 0, 0, 0, 8, 89
"e:\VSCODE\WORK\bitcoinetf.org\src\shared\ui\site\sections\s-site-fund\s-site-fund.scss", "SCSS", 0, 0, 0, 0, 212, 0, 0, 0, 0, 0, 0, 3, 47, 262
"e:\VSCODE\WORK\bitcoinetf.org\src\shared\ui\site\sections\s-site-fund\s-site-fund.vue", "Vue", 0, 0, 0, 68, 0, 0, 0, 0, 0, 0, 0, 0, 8, 76
"e:\VSCODE\WORK\bitcoinetf.org\src\shared\ui\site\sections\s-site-fundinfo-dark\s-site-fundinfo-dark.scss", "SCSS", 0, 0, 0, 0, 200, 0, 0, 0, 0, 0, 0, 0, 39, 239
"e:\VSCODE\WORK\bitcoinetf.org\src\shared\ui\site\sections\s-site-fundinfo-dark\s-site-fundinfo-dark.vue", "Vue", 0, 0, 0, 282, 0, 0, 0, 0, 0, 0, 0, 8, 31, 321
"e:\VSCODE\WORK\bitcoinetf.org\src\shared\ui\site\sections\s-site-investor\s-site-investor.scss", "SCSS", 0, 0, 0, 0, 201, 0, 0, 0, 0, 0, 0, 0, 35, 236
"e:\VSCODE\WORK\bitcoinetf.org\src\shared\ui\site\sections\s-site-investor\s-site-investor.vue", "Vue", 0, 0, 0, 75, 0, 0, 0, 0, 0, 0, 0, 0, 9, 84
"e:\VSCODE\WORK\bitcoinetf.org\src\shared\ui\site\sections\s-site-main\s-site-main.scss", "SCSS", 0, 0, 0, 0, 109, 0, 0, 0, 0, 0, 0, 1, 23, 133
"e:\VSCODE\WORK\bitcoinetf.org\src\shared\ui\site\sections\s-site-main\s-site-main.vue", "Vue", 0, 0, 0, 90, 0, 0, 0, 0, 0, 0, 0, 0, 11, 101
"e:\VSCODE\WORK\bitcoinetf.org\src\shared\ui\site\sections\s-site-marquee\s-site-marquee.scss", "SCSS", 0, 0, 0, 0, 37, 0, 0, 0, 0, 0, 0, 0, 11, 48
"e:\VSCODE\WORK\bitcoinetf.org\src\shared\ui\site\sections\s-site-marquee\s-site-marquee.vue", "Vue", 0, 0, 0, 47, 0, 0, 0, 0, 0, 0, 0, 0, 9, 56
"e:\VSCODE\WORK\bitcoinetf.org\src\shared\ui\site\sections\s-site-news\s-site-news.scss", "SCSS", 0, 0, 0, 0, 28, 0, 0, 0, 0, 0, 0, 0, 5, 33
"e:\VSCODE\WORK\bitcoinetf.org\src\shared\ui\site\sections\s-site-news\s-site-news.vue", "Vue", 0, 0, 0, 26, 0, 0, 0, 0, 0, 0, 0, 0, 4, 30
"e:\VSCODE\WORK\bitcoinetf.org\src\shared\ui\site\sections\s-site-offer-detail\s-site-offer-detail.scss", "SCSS", 0, 0, 0, 0, 66, 0, 0, 0, 0, 0, 0, 0, 15, 81
"e:\VSCODE\WORK\bitcoinetf.org\src\shared\ui\site\sections\s-site-offer-detail\s-site-offer-detail.vue", "Vue", 0, 0, 0, 53, 0, 0, 0, 0, 0, 0, 0, 0, 5, 58
"e:\VSCODE\WORK\bitcoinetf.org\src\shared\ui\site\sections\s-site-protection\s-site-protection.scss", "SCSS", 0, 0, 0, 0, 275, 0, 0, 0, 0, 0, 0, 1, 49, 325
"e:\VSCODE\WORK\bitcoinetf.org\src\shared\ui\site\sections\s-site-protection\s-site-protection.vue", "Vue", 0, 0, 0, 54, 0, 0, 0, 0, 0, 0, 0, 0, 4, 58
"e:\VSCODE\WORK\bitcoinetf.org\src\shared\ui\site\sections\s-site-referrals-id\s-site-referrals-id.scss", "SCSS", 0, 0, 0, 0, 199, 0, 0, 0, 0, 0, 0, 0, 45, 244
"e:\VSCODE\WORK\bitcoinetf.org\src\shared\ui\site\sections\s-site-referrals-id\s-site-referrals-id.vue", "Vue", 0, 0, 0, 67, 0, 0, 0, 0, 0, 0, 0, 0, 5, 72
"e:\VSCODE\WORK\bitcoinetf.org\src\shared\ui\site\sections\s-site-referrals-main\s-site-referrals-main.scss", "SCSS", 0, 0, 0, 0, 134, 0, 0, 0, 0, 0, 0, 13, 30, 177
"e:\VSCODE\WORK\bitcoinetf.org\src\shared\ui\site\sections\s-site-referrals-main\s-site-referrals-main.vue", "Vue", 0, 0, 0, 39, 0, 0, 0, 0, 0, 0, 0, 0, 4, 43
"e:\VSCODE\WORK\bitcoinetf.org\src\shared\ui\site\sections\s-site-referrals-share\s-site-referrals-share.scss", "SCSS", 0, 0, 0, 0, 145, 0, 0, 0, 0, 0, 0, 0, 31, 176
"e:\VSCODE\WORK\bitcoinetf.org\src\shared\ui\site\sections\s-site-referrals-share\s-site-referrals-share.vue", "Vue", 0, 0, 0, 38, 0, 0, 0, 0, 0, 0, 0, 0, 4, 42
"e:\VSCODE\WORK\bitcoinetf.org\src\shared\ui\site\sections\s-site-text\s-site-text.scss", "SCSS", 0, 0, 0, 0, 35, 0, 0, 0, 0, 0, 0, 0, 9, 44
"e:\VSCODE\WORK\bitcoinetf.org\src\shared\ui\site\sections\s-site-text\s-site-text.vue", "Vue", 0, 0, 0, 16, 0, 0, 0, 0, 0, 0, 0, 0, 3, 19
"e:\VSCODE\WORK\bitcoinetf.org\src\shared\ui\site\sections\s-site-transparency\s-site-transparency.scss", "SCSS", 0, 0, 0, 0, 166, 0, 0, 0, 0, 0, 0, 0, 36, 202
"e:\VSCODE\WORK\bitcoinetf.org\src\shared\ui\site\sections\s-site-transparency\s-site-transparency.vue", "Vue", 0, 0, 0, 37, 0, 0, 0, 0, 0, 0, 0, 0, 4, 41
"e:\VSCODE\WORK\bitcoinetf.org\src\shared\ui\site\sections\s-site-tutorials\s-site-tutorials.scss", "SCSS", 0, 0, 0, 0, 52, 0, 0, 0, 0, 0, 0, 0, 13, 65
"e:\VSCODE\WORK\bitcoinetf.org\src\shared\ui\site\sections\s-site-tutorials\s-site-tutorials.vue", "Vue", 0, 0, 0, 48, 0, 0, 0, 0, 0, 0, 0, 0, 8, 56
"e:\VSCODE\WORK\bitcoinetf.org\src\shared\ui\site\sections\s-site-ultimate\s-site-ultimate.scss", "SCSS", 0, 0, 0, 0, 195, 0, 0, 0, 0, 0, 0, 0, 41, 236
"e:\VSCODE\WORK\bitcoinetf.org\src\shared\ui\site\sections\s-site-ultimate\s-site-ultimate.vue", "Vue", 0, 0, 0, 43, 0, 0, 0, 0, 0, 0, 0, 0, 5, 48
"e:\VSCODE\WORK\bitcoinetf.org\src\shared\ui\site\sections\s-site-welcome\s-site-welcome.scss", "SCSS", 0, 0, 0, 0, 171, 0, 0, 0, 0, 0, 0, 0, 37, 208
"e:\VSCODE\WORK\bitcoinetf.org\src\shared\ui\site\sections\s-site-welcome\s-site-welcome.vue", "Vue", 0, 0, 0, 63, 0, 0, 0, 0, 0, 0, 0, 0, 9, 72
"e:\VSCODE\WORK\bitcoinetf.org\src\widgets\layouts\w-aside\w-aside.scss", "SCSS", 0, 0, 0, 0, 360, 0, 0, 0, 0, 0, 0, 2, 85, 447
"e:\VSCODE\WORK\bitcoinetf.org\src\widgets\layouts\w-aside\w-aside.vue", "Vue", 0, 0, 0, 353, 0, 0, 0, 0, 0, 0, 0, 0, 34, 387
"e:\VSCODE\WORK\bitcoinetf.org\src\widgets\layouts\w-header-auth\w-header-auth.scss", "SCSS", 0, 0, 0, 0, 177, 0, 0, 0, 0, 0, 0, 1, 36, 214
"e:\VSCODE\WORK\bitcoinetf.org\src\widgets\layouts\w-header-auth\w-header-auth.vue", "Vue", 0, 0, 0, 107, 0, 0, 0, 0, 0, 0, 0, 0, 8, 115
"e:\VSCODE\WORK\bitcoinetf.org\src\widgets\layouts\w-header-dark-launch\w-header-dark-launch.scss", "SCSS", 0, 0, 0, 0, 242, 0, 0, 0, 0, 0, 0, 4, 46, 292
"e:\VSCODE\WORK\bitcoinetf.org\src\widgets\layouts\w-header-dark-launch\w-header-dark-launch.vue", "Vue", 0, 0, 0, 123, 0, 0, 0, 0, 0, 0, 0, 12, 9, 144
"e:\VSCODE\WORK\bitcoinetf.org\src\widgets\layouts\w-header-dark\w-header-dark.scss", "SCSS", 0, 0, 0, 0, 229, 0, 0, 0, 0, 0, 0, 4, 44, 277
"e:\VSCODE\WORK\bitcoinetf.org\src\widgets\layouts\w-header-dark\w-header-dark.vue", "Vue", 0, 0, 0, 135, 0, 0, 0, 0, 0, 0, 0, 0, 9, 144
"e:\VSCODE\WORK\bitcoinetf.org\src\widgets\layouts\w-header-site\w-header-site.scss", "SCSS", 0, 0, 0, 0, 177, 0, 0, 0, 0, 0, 0, 0, 35, 212
"e:\VSCODE\WORK\bitcoinetf.org\src\widgets\layouts\w-header-site\w-header-site.vue", "Vue", 0, 0, 0, 104, 0, 0, 0, 0, 0, 0, 0, 0, 8, 112
"e:\VSCODE\WORK\bitcoinetf.org\src\widgets\layouts\w-header\w-header.scss", "SCSS", 0, 0, 0, 0, 194, 0, 0, 0, 0, 0, 0, 1, 36, 231
"e:\VSCODE\WORK\bitcoinetf.org\src\widgets\layouts\w-header\w-header.vue", "Vue", 0, 0, 0, 526, 0, 0, 0, 0, 0, 0, 0, 0, 44, 570
"e:\VSCODE\WORK\bitcoinetf.org\src\widgets\layouts\w-menu-bottom\w-menu-bottom.scss", "SCSS", 0, 0, 0, 0, 67, 0, 0, 0, 0, 0, 0, 0, 13, 80
"e:\VSCODE\WORK\bitcoinetf.org\src\widgets\layouts\w-menu-bottom\w-menu-bottom.vue", "Vue", 0, 0, 0, 180, 0, 0, 0, 0, 0, 0, 0, 0, 25, 205
"e:\VSCODE\WORK\bitcoinetf.org\src\widgets\w-activity\w-activity.scss", "SCSS", 0, 0, 0, 0, 44, 0, 0, 0, 0, 0, 0, 1, 9, 54
"e:\VSCODE\WORK\bitcoinetf.org\src\widgets\w-activity\w-activity.vue", "Vue", 0, 0, 0, 109, 0, 0, 0, 0, 0, 0, 0, 0, 23, 132
"e:\VSCODE\WORK\bitcoinetf.org\src\widgets\w-asset\w-asset.scss", "SCSS", 0, 0, 0, 0, 127, 0, 0, 0, 0, 0, 0, 0, 25, 152
"e:\VSCODE\WORK\bitcoinetf.org\src\widgets\w-asset\w-asset.vue", "Vue", 0, 0, 0, 169, 0, 0, 0, 0, 0, 0, 0, 15, 35, 219
"e:\VSCODE\WORK\bitcoinetf.org\src\widgets\w-bonus\w-bonus.scss", "SCSS", 0, 0, 0, 0, 201, 0, 0, 0, 0, 0, 0, 0, 35, 236
"e:\VSCODE\WORK\bitcoinetf.org\src\widgets\w-bonus\w-bonus.vue", "Vue", 0, 0, 0, 139, 0, 0, 0, 0, 0, 0, 0, 0, 16, 155
"e:\VSCODE\WORK\bitcoinetf.org\src\widgets\w-buy-shares-payment-short-new\w-buy-shares-payment-short-new.scss", "SCSS", 0, 0, 0, 0, 441, 0, 0, 0, 0, 0, 0, 5, 35, 481
"e:\VSCODE\WORK\bitcoinetf.org\src\widgets\w-buy-shares-payment-short-new\w-buy-shares-payment-short-new.vue", "Vue", 0, 0, 0, 409, 0, 0, 0, 0, 0, 0, 0, 1, 42, 452
"e:\VSCODE\WORK\bitcoinetf.org\src\widgets\w-buy-shares-payment-short\w-buy-shares-payment-short.scss", "SCSS", 0, 0, 0, 0, 410, 0, 0, 0, 0, 0, 0, 0, 23, 433
"e:\VSCODE\WORK\bitcoinetf.org\src\widgets\w-buy-shares-payment-short\w-buy-shares-payment-short.vue", "Vue", 0, 0, 0, 407, 0, 0, 0, 0, 0, 0, 0, 0, 32, 439
"e:\VSCODE\WORK\bitcoinetf.org\src\widgets\w-buy-shares-payment\w-buy-shares-payment.scss", "SCSS", 0, 0, 0, 0, 361, 0, 0, 0, 0, 0, 0, 0, 23, 384
"e:\VSCODE\WORK\bitcoinetf.org\src\widgets\w-buy-shares-payment\w-buy-shares-payment.vue", "Vue", 0, 0, 0, 436, 0, 0, 0, 0, 0, 0, 0, 0, 32, 468
"e:\VSCODE\WORK\bitcoinetf.org\src\widgets\w-buy-shares\w-buy-shares.scss", "SCSS", 0, 0, 0, 0, 188, 0, 0, 0, 0, 0, 0, 1, 39, 228
"e:\VSCODE\WORK\bitcoinetf.org\src\widgets\w-buy-shares\w-buy-shares.vue", "Vue", 0, 0, 0, 490, 0, 0, 0, 0, 0, 0, 0, 1, 54, 545
"e:\VSCODE\WORK\bitcoinetf.org\src\widgets\w-chart-buy-shares\w-chart-buy-shares.scss", "SCSS", 0, 0, 0, 0, 220, 0, 0, 0, 0, 0, 0, 0, 36, 256
"e:\VSCODE\WORK\bitcoinetf.org\src\widgets\w-chart-buy-shares\w-chart-buy-shares.vue", "Vue", 0, 0, 0, 287, 0, 0, 0, 0, 0, 0, 0, 24, 30, 341
"e:\VSCODE\WORK\bitcoinetf.org\src\widgets\w-chart-dividends\w-chart-dividends.scss", "SCSS", 0, 0, 0, 0, 146, 0, 0, 0, 0, 0, 0, 34, 29, 209
"e:\VSCODE\WORK\bitcoinetf.org\src\widgets\w-chart-dividends\w-chart-dividends.vue", "Vue", 0, 0, 0, 320, 0, 0, 0, 0, 0, 0, 0, 0, 39, 359
"e:\VSCODE\WORK\bitcoinetf.org\src\widgets\w-chart-earmings\w-chart-earnings.scss", "SCSS", 0, 0, 0, 0, 143, 0, 0, 0, 0, 0, 0, 4, 27, 174
"e:\VSCODE\WORK\bitcoinetf.org\src\widgets\w-chart-earmings\w-chart-earnings.vue", "Vue", 0, 0, 0, 276, 0, 0, 0, 0, 0, 0, 0, 0, 29, 305
"e:\VSCODE\WORK\bitcoinetf.org\src\widgets\w-chart-fund\w-chart-fund.scss", "SCSS", 0, 0, 0, 0, 157, 0, 0, 0, 0, 0, 0, 18, 38, 213
"e:\VSCODE\WORK\bitcoinetf.org\src\widgets\w-chart-fund\w-chart-fund.vue", "Vue", 0, 0, 0, 282, 0, 0, 0, 0, 0, 0, 0, 23, 35, 340
"e:\VSCODE\WORK\bitcoinetf.org\src\widgets\w-chart-portfolio\w-chart-portfolio.scss", "SCSS", 0, 0, 0, 0, 82, 0, 0, 0, 0, 0, 0, 3, 15, 100
"e:\VSCODE\WORK\bitcoinetf.org\src\widgets\w-chart-portfolio\w-chart-portfolio.vue", "Vue", 0, 0, 0, 226, 0, 0, 0, 0, 0, 0, 0, 7, 35, 268
"e:\VSCODE\WORK\bitcoinetf.org\src\widgets\w-chart-protection\w-chart-protection.scss", "SCSS", 0, 0, 0, 0, 118, 0, 0, 0, 0, 0, 0, 1, 22, 141
"e:\VSCODE\WORK\bitcoinetf.org\src\widgets\w-chart-protection\w-chart-protection.vue", "Vue", 0, 0, 0, 248, 0, 0, 0, 0, 0, 0, 0, 0, 27, 275
"e:\VSCODE\WORK\bitcoinetf.org\src\widgets\w-display-currency\w-display-currency.scss", "SCSS", 0, 0, 0, 0, 30, 0, 0, 0, 0, 0, 0, 0, 5, 35
"e:\VSCODE\WORK\bitcoinetf.org\src\widgets\w-display-currency\w-display-currency.vue", "Vue", 0, 0, 0, 54, 0, 0, 0, 0, 0, 0, 0, 0, 6, 60
"e:\VSCODE\WORK\bitcoinetf.org\src\widgets\w-dividends\w-dividends.scss", "SCSS", 0, 0, 0, 0, 316, 0, 0, 0, 0, 0, 0, 1, 55, 372
"e:\VSCODE\WORK\bitcoinetf.org\src\widgets\w-dividends\w-dividends.vue", "Vue", 0, 0, 0, 324, 0, 0, 0, 0, 0, 0, 0, 0, 44, 368
"e:\VSCODE\WORK\bitcoinetf.org\src\widgets\w-earnings\w-earnings.scss", "SCSS", 0, 0, 0, 0, 2, 0, 0, 0, 0, 0, 0, 6, 1, 9
"e:\VSCODE\WORK\bitcoinetf.org\src\widgets\w-earnings\w-earnings.vue", "Vue", 0, 0, 0, 317, 0, 0, 0, 0, 0, 0, 0, 0, 27, 344
"e:\VSCODE\WORK\bitcoinetf.org\src\widgets\w-fund\w-fund.scss", "SCSS", 0, 0, 0, 0, 2, 0, 0, 0, 0, 0, 0, 0, 1, 3
"e:\VSCODE\WORK\bitcoinetf.org\src\widgets\w-fund\w-fund.vue", "Vue", 0, 0, 0, 31, 0, 0, 0, 0, 0, 0, 0, 0, 7, 38
"e:\VSCODE\WORK\bitcoinetf.org\src\widgets\w-news\w-news.scss", "SCSS", 0, 0, 0, 0, 85, 0, 0, 0, 0, 0, 0, 1, 15, 101
"e:\VSCODE\WORK\bitcoinetf.org\src\widgets\w-news\w-news.vue", "Vue", 0, 0, 0, 44, 0, 0, 0, 0, 0, 0, 0, 1, 5, 50
"e:\VSCODE\WORK\bitcoinetf.org\src\widgets\w-onboarding\w-onboarding.vue", "Vue", 0, 0, 0, 228, 0, 0, 0, 0, 0, 0, 0, 0, 38, 266
"e:\VSCODE\WORK\bitcoinetf.org\src\widgets\w-personal-details\w-personal-details.scss", "SCSS", 0, 0, 0, 0, 83, 0, 0, 0, 0, 0, 0, 0, 15, 98
"e:\VSCODE\WORK\bitcoinetf.org\src\widgets\w-personal-details\w-personal-details.vue", "Vue", 0, 0, 0, 58, 0, 0, 0, 0, 0, 0, 0, 0, 9, 67
"e:\VSCODE\WORK\bitcoinetf.org\src\widgets\w-portfolio\w-portfolio.scss", "SCSS", 0, 0, 0, 0, 2, 0, 0, 0, 0, 0, 0, 5, 1, 8
"e:\VSCODE\WORK\bitcoinetf.org\src\widgets\w-portfolio\w-portfolio.vue", "Vue", 0, 0, 0, 127, 0, 0, 0, 0, 0, 0, 0, 12, 19, 158
"e:\VSCODE\WORK\bitcoinetf.org\src\widgets\w-protection\w-protection.scss", "SCSS", 0, 0, 0, 0, 2, 0, 0, 0, 0, 0, 0, 5, 1, 8
"e:\VSCODE\WORK\bitcoinetf.org\src\widgets\w-protection\w-protection.vue", "Vue", 0, 0, 0, 199, 0, 0, 0, 0, 0, 0, 0, 19, 24, 242
"e:\VSCODE\WORK\bitcoinetf.org\src\widgets\w-purchases\w-purchases.scss", "SCSS", 0, 0, 0, 0, 127, 0, 0, 0, 0, 0, 0, 3, 27, 157
"e:\VSCODE\WORK\bitcoinetf.org\src\widgets\w-purchases\w-purchases.vue", "Vue", 0, 0, 0, 131, 0, 0, 0, 0, 0, 0, 0, 50, 19, 200
"e:\VSCODE\WORK\bitcoinetf.org\src\widgets\w-referrals\w-referrals.scss", "SCSS", 0, 0, 0, 0, 312, 0, 0, 0, 0, 0, 0, 1, 58, 371
"e:\VSCODE\WORK\bitcoinetf.org\src\widgets\w-referrals\w-referrals.vue", "Vue", 0, 0, 0, 226, 0, 0, 0, 0, 0, 0, 0, 0, 30, 256
"e:\VSCODE\WORK\bitcoinetf.org\src\widgets\w-shareholders-stats\w-shareholders-stats.scss", "SCSS", 0, 0, 0, 0, 7, 0, 0, 0, 0, 0, 0, 4, 2, 13
"e:\VSCODE\WORK\bitcoinetf.org\src\widgets\w-shareholders-stats\w-shareholders-stats.vue", "Vue", 0, 0, 0, 33, 0, 0, 0, 0, 0, 0, 0, 0, 6, 39
"e:\VSCODE\WORK\bitcoinetf.org\src\widgets\w-shareholders\w-shareholders.scss", "SCSS", 0, 0, 0, 0, 2, 0, 0, 0, 0, 0, 0, 5, 1, 8
"e:\VSCODE\WORK\bitcoinetf.org\src\widgets\w-shareholders\w-shareholders.vue", "Vue", 0, 0, 0, 129, 0, 0, 0, 0, 0, 0, 0, 3, 11, 143
"e:\VSCODE\WORK\bitcoinetf.org\src\widgets\w-statements\w-statements.scss", "SCSS", 0, 0, 0, 0, 46, 0, 0, 0, 0, 0, 0, 0, 7, 53
"e:\VSCODE\WORK\bitcoinetf.org\src\widgets\w-statements\w-statements.vue", "Vue", 0, 0, 0, 61, 0, 0, 0, 0, 0, 0, 0, 0, 11, 72
"e:\VSCODE\WORK\bitcoinetf.org\src\widgets\w-theme\w-theme.scss", "SCSS", 0, 0, 0, 0, 30, 0, 0, 0, 0, 0, 0, 0, 5, 35
"e:\VSCODE\WORK\bitcoinetf.org\src\widgets\w-theme\w-theme.vue", "Vue", 0, 0, 0, 29, 0, 0, 0, 0, 0, 0, 0, 0, 6, 35
"e:\VSCODE\WORK\bitcoinetf.org\src\widgets\w-top-shareholders\w-top-shareholders.scss", "SCSS", 0, 0, 0, 0, 45, 0, 0, 0, 0, 0, 0, 3, 8, 56
"e:\VSCODE\WORK\bitcoinetf.org\src\widgets\w-top-shareholders\w-top-shareholders.vue", "Vue", 0, 0, 0, 96, 0, 0, 0, 0, 0, 0, 0, 1, 15, 112
"e:\VSCODE\WORK\bitcoinetf.org\src\widgets\w-trades\w-trades.scss", "SCSS", 0, 0, 0, 0, 51, 0, 0, 0, 0, 0, 0, 1, 9, 61
"e:\VSCODE\WORK\bitcoinetf.org\src\widgets\w-trades\w-trades.vue", "Vue", 0, 0, 0, 153, 0, 0, 0, 0, 0, 0, 0, 0, 32, 185
"e:\VSCODE\WORK\bitcoinetf.org\src\widgets\w-wallet\w-wallet.scss", "SCSS", 0, 0, 0, 0, 19, 0, 0, 0, 0, 0, 0, 0, 5, 24
"e:\VSCODE\WORK\bitcoinetf.org\src\widgets\w-wallet\w-wallet.vue", "Vue", 0, 0, 0, 143, 0, 0, 0, 0, 0, 0, 0, 0, 11, 154
"e:\VSCODE\WORK\bitcoinetf.org\tailwind.config.js", "JavaScript", 0, 0, 11, 0, 0, 0, 0, 0, 0, 0, 0, 1, 1, 13
"e:\VSCODE\WORK\bitcoinetf.org\tsconfig.json", "JSON with Comments", 0, 14, 0, 0, 0, 0, 0, 0, 0, 0, 0, 1, 1, 16
"e:\VSCODE\WORK\bitcoinetf.org\werf-giterminism.yaml", "YAML", 6, 0, 0, 0, 0, 0, 0, 0, 0, 0, 0, 0, 1, 7
"e:\VSCODE\WORK\bitcoinetf.org\werf.yaml", "YAML", 62, 0, 0, 0, 0, 0, 0, 0, 0, 0, 0, 0, 2, 64
"Total", "-", 12199, 14, 832, 23732, 20952, 4355, 116, 3279, 258, 9, 62, 1069, 9731, 76608